"Post #","Pinterest board","Title","Description","Alt Text","AI Prompt","In-App Text Hook","Status","Posting Day","Slot","SL Post Time"
"1","Halloween Home Decor & DIY","Black Cat Pumpkin Lantern Porch Setup | Halloween Home Decor Dark Luxury 2026","Save this for your Halloween home decor and dark autumn aesthetic board. A carved pumpkin lantern arrangement on a Victorian porch at dusk creates the most cinematic Halloween entrance of all. This setup uses three oversized heirloom pumpkins — one Cinderella variety in deep terracotta-orange and two white ghost pumpkins — carved with intricate geometric cutouts rather than traditional jack-o-lantern faces. The carvings allow the flickering candlelight inside to project complex geometric shadow patterns across the dark painted porch boards and the stone steps. Dried eucalyptus bundles, black corn stalks, and a wreath of preserved dark burgundy roses frame the front door. The interior hallway glows with warm amber light. A black cat silhouette rests motionless on the top step. Save this before it disappears. #HalloweenDecor #HalloweenHomeDIY #DarkAutumnAesthetic #PumpkinDecor #VictorianHalloween #HalloweenPorch #SpookyHome","Three oversized heirloom pumpkins on a Victorian porch at dusk — one Cinderella terracotta-orange, two white ghost pumpkins — with geometric cutout carvings projecting shadow patterns on dark porch boards, dried eucalyptus, black corn stalks, preserved dark burgundy rose wreath at the door, black cat silhouette on top step, warm amber interior glow beyond.","Hyper-realistic 9:16 vertical photo, Style A Quiet Luxury. Victorian front porch at dusk with three oversized heirloom pumpkins arranged on dark painted porch steps: one large Cinderella variety in deep terracotta-orange and two white ghost pumpkins, all carved with intricate geometric cutouts (not traditional faces) allowing flickering candle light inside to project complex geometric shadow patterns across the porch boards and stone steps below, dried eucalyptus bundles and black dried corn stalks flanking the dark-painted front door, a wreath of preserved dark burgundy and black roses on the door itself, warm amber interior hallway glow visible through the slightly open door, a black domestic cat in perfect silhouette sitting motionless on the top step, cool blue dusk light, No people visible. 8k, cinematic photography style.","Geometric shadows. No face needed.","Ready","Day 1 - Sun Aug 30","Slot-9","5:00am"
"2","Halloween Home Decor & DIY","Off-Grid Cabin Pumpkin Staircase Candles | Halloween Dark Forest 2026","Save this for your Halloween off-grid cabin and dark autumn aesthetic board. The most powerful Halloween decoration in a forest cabin setting is the simplest one: a long wooden staircase leading up through the dark pines, lined with hand-carved pumpkins at every third step, each illuminated by a pure beeswax pillar candle rather than a tea light. The orange glow of the pumpkins reflecting on the dark forest floor creates a path of fire through the trees. This cedar-plank staircase at an off-grid cabin in the Olympic Peninsula forest uses fourteen carved pumpkins arranged on alternating steps, the carvings becoming progressively more elaborate from the bottom (simple cut-outs) to the top (intricate floral and skull designs). Ancient Douglas firs close in on both sides. Fog rolls in from the Pacific. Save this before it disappears. #HalloweenDecor #OffGridHalloween #ForestCabin #PumpkinStaircase #DarkForestAesthetic #SpookyDecor #HalloweenDIY","Fourteen carved pumpkins illuminated by beeswax pillar candles lining alternating steps of a cedar-plank staircase at an Olympic Peninsula off-grid cabin, carvings becoming more intricate from bottom to top, ancient Douglas firs close in on both sides, fog rolling in from the Pacific, orange glow reflecting on the dark forest floor, no people visible.","Hyper-realistic 9:16 vertical photo, Style A Quiet Luxury. Cedar plank outdoor staircase rising through an ancient Douglas fir forest on the Olympic Peninsula at night, fourteen carved pumpkins in varying sizes placed on alternating steps each illuminated from within by a tall beeswax pillar candle, the carvings graduating in complexity from simple geometric cutouts at the bottom to intricate floral and skull relief carvings near the top, the warm orange amber light from each pumpkin reflecting on the dark cedar planks and the damp forest floor moss, ancient Douglas fir trunks on both sides of the staircase, tendrils of Pacific coast fog beginning to drift between the trees, dark blue-black night sky above the canopy, No people visible. 8k, cinematic photography style.","Fourteen pumpkins. Ancient forest. Beeswax fire.","Ready","Day 1 - Sun Aug 30","Slot-11","4:00pm"
"3","Halloween Home Decor & DIY","Luxury Dark Mantle Black Orchid Candles | Halloween Interior Decor 2026","Save this for your luxury Halloween interior and dark autumn home decor board. The Halloween mantle in a high-end home should not look like a Halloween store. It should look like a painting from the Dutch Golden Age reinterpreted for autumn. This fireplace mantle in a Brooklyn brownstone uses a triptych of tall mercury glass candleholders at three different heights, each holding a thick black beeswax taper. Between them: a sculptural arrangement of preserved black calla lilies, dark wine-coloured dried peonies, and trailing dried hops vines. Two small cast-iron crow figurines with glass eyes sit at the mantle corners. The fire in the grate is real birchwood, the white bark glowing. An antique gilt-framed mirror above the mantle doubles everything. Save this before it disappears. #HalloweenDecor #LuxuryHalloween #DarkFloralAesthetic #HalloweenMantle #GothicDecor #DarkInterior #HalloweenHome","Luxury Halloween mantle in a Brooklyn brownstone: triptych of mercury glass candleholders at three heights with black beeswax tapers, preserved black calla lilies, dark wine dried peonies, dried hops vines, two cast-iron crow figurines with glass eyes at mantle corners, real birchwood fire in grate with glowing white bark, antique gilt-framed mirror doubling the scene above, warm amber candlelight, no people visible.","Hyper-realistic 9:16 vertical photo, Style A Quiet Luxury. Ornate fireplace mantle in a Brooklyn brownstone at night, styled as a high-end Halloween display: a central triptych of antique mercury glass candleholders of three ascending heights each holding a tall black beeswax taper candle with the warm wax glow illuminating the scene, a sculptural arrangement of preserved black calla lilies and dark wine-coloured dried peony blooms with trailing dried hops vines filling the mantle surface between the candles, two small cast-iron crow figurines with small glass eye inlays placed at the far corners of the mantle shelf, a real birchwood fire burning in the fireplace below with the distinctive white and black birch bark visibly glowing, an antique ornate gilt-framed mirror above the mantle reflecting and doubling the entire scene, No people visible. 8k, cinematic photography style.","Dutch Golden Age. Dark florals. Black tapers.","Ready","Day 1 - Sun Aug 30","Slot-12","10:00pm"
"4","Future Living & Off-Grid Tech","Glass Boathouse Mirror Lake Dawn | Watercraft Architecture PNW 2026","Save this for your off-grid waterfront and glass boathouse architecture board. The glass boathouse at mirror-still dawn is the most reliably viral visual formula in off-grid architecture photography, and for good reason: the reflection doubles the structure, the landscape, and the light simultaneously, creating a composition with perfect vertical symmetry. This full-glass boathouse on a tidal inlet on the Olympic Peninsula sits on massive old-growth cedar pilings driven into the rocky bottom. The structure is steel-framed with floor-to-ceiling triple-glazed glass on all four sides, with a butterfly roof of weathered copper sheet. At 6:15am in late August, the water is perfectly still, the mist sits at water level, and the cedar forest reflection is as sharp as the forest itself. Inside: EcoFlow Delta Pro 3 triple stack, warm amber LED interior. A cedar rowing skiff is moored on the inside dock. Save this before it disappears. #GlassBoathouse #WatercraftArchitecture #OffGridLiving #PNWArchitecture #MirrorLake #EcoFlow #GlassArchitecture","Full-glass boathouse on old-growth cedar pilings on a tidal Olympic Peninsula inlet at mirror-still dawn, steel frame, floor-to-ceiling triple-glazed glass on all four sides, weathered copper butterfly roof, perfect reflection doubling structure and cedar forest, mist at water level, EcoFlow Delta Pro 3 triple stack inside with green LEDs, amber interior, cedar rowing skiff on inside dock, no people visible.","Hyper-realistic 9:16 vertical photo, Style A Quiet Luxury. Full glass boathouse mounted on massive old-growth cedar pilings driven into a rocky tidal inlet on the Olympic Peninsula at mirror-still dawn at 6:15am, the structure steel-framed with floor-to-ceiling triple-glazed glass panels on all four elevations, a weathered copper butterfly roof catching the first pale gold of dawn light, the perfectly still dark tidal inlet creating a perfect mirror reflection of the entire structure and the surrounding old-growth cedar forest below the waterline, mist sitting at water level between the pilings, warm amber interior LED lighting glowing through the glass, EcoFlow Delta Pro 3 triple stack visible on the interior dock floor with green LED indicators, a classic cedar strip rowing skiff moored inside, No people visible. 8k, cinematic photography style.","Mirror still. Mist at dawn. Copper roof.","Ready","Day 1 - Sun Aug 30","Slot-1","7:30am"
"5","Future Living & Off-Grid Tech","Mercedes Sprinter EarthCruiser FX Overland | Campers RV PNW Expedition 2026","Save this for your luxury overland van and Campers and RV board. The EarthCruiser FX is the most ambitious slide-in truck camper ever produced, but EarthCruiser also makes a purpose-built motorhome on the Mercedes Sprinter 4x4 platform — a fully self-contained expedition vehicle designed for 21-day remote deployments with no resupply. The Sprinter FX features a composite fibreglass body rather than timber framing, making it both lighter and immune to moisture damage over extended operations. This Sprinter FX in Slate Grey is parked on a ridge-line gravel forest service road in the Gifford Pinchot National Forest in Washington state. The slide-out is deployed on the passenger side. An EcoFlow Delta Pro 2 triple stack is visible through the open rear bay. The Cascade Range volcanic peaks are sharp against the clear September morning sky behind. Save this before it disappears. #EarthCruiserFX #CampersAndRV #SprinterOverland #GiffordPinchot #ExpeditionVehicle #VanLife #EcoFlow","Mercedes Sprinter EarthCruiser FX in Slate Grey on a ridge-line gravel forest service road in Gifford Pinchot National Forest Washington, composite fibreglass body, slide-out deployed on passenger side, EcoFlow Delta Pro 2 triple stack visible through open rear bay with green LEDs, Cascade Range volcanic peaks sharp against clear September morning sky behind, no people visible.","Hyper-realistic 9:16 vertical photo, Style A Quiet Luxury. Mercedes Sprinter 4x4 EarthCruiser FX expedition motorhome in Slate Grey with the distinctive composite fibreglass body panels and high-clearance suspension, parked on a ridge-line gravel USFS forest service road in Gifford Pinchot National Forest in Washington state, the passenger-side slide-out section fully extended, EcoFlow Delta Pro 2 triple stack visible through the open rear equipment bay with green LED indicators glowing, the Mount Adams and Mount Rainier Cascade Range volcanic peaks sharp and snow-capped against a clear pale-blue early September morning sky, old-growth Douglas fir forest on the upslope side of the road, No people visible. 8k, cinematic photography style.","Composite fibre body. 21-day remote deployment.","Ready","Day 1 - Sun Aug 30","Slot-3","11:00am"
"6","Future Living & Off-Grid Tech","Corten Steel Cantilevered Cliff Cabin | Metal Art Architecture Oregon Coast 2026","Save this for your industrial steel and cantilevered architecture board. The cliff cabin that cantilevers over the void must make a structural argument: why is it floating? The answer in this case is a pair of massive Corten steel I-beam moment frames anchored 14 feet into the coastal basalt cliff face. The I-beams extend 22 feet out over the Pacific, and the habitable space is welded directly to the primary frame. The entire exterior envelope is 4mm Corten panel with a salt-spray-accelerated deep auburn patina. The south face is all glass, looking directly down onto the Pacific surf 180 feet below. Inside: a minimal platform bed, a single reading chair, and an EcoFlow Delta Pro 2 handling off-grid power. The Oregon coast here is accessible only by a 40-minute kayak from the nearest road. Save this before it disappears. #CortenSteel #MetalArt #CantileverCabin #OregonCoast #OffGridLiving #CliffArchitecture #EcoFlow","Corten steel cantilevered cliff cabin on the Oregon coast, two massive I-beam moment frames anchored 14 feet into coastal basalt and extending 22 feet over the Pacific, 4mm Corten exterior with deep salt-spray-accelerated auburn patina, all-glass south face looking down 180 feet onto Pacific surf, EcoFlow Delta Pro 2 inside with green LED, minimal interior, remote basalt cliff, no people visible.","Hyper-realistic 9:16 vertical photo, Style A Quiet Luxury. Corten steel cliff cabin cantilevered dramatically from a steep coastal basalt cliff face on the Oregon coast, the primary structure being two exposed massive steel I-beam moment frames anchored deep into the cliff rock and projecting 22 feet out over the Pacific Ocean, the habitable space welded directly to the primary frame with 4mm Corten steel panels on all elevations except the south face which is entirely floor-to-ceiling glass, the Corten exterior exhibiting a rich deep auburn patina heavily accelerated by constant salt spray, looking down the glass south face directly onto white Pacific surf crashing against the cliff base 180 feet below, warm amber interior glow through the glass, EcoFlow Delta Pro 2 on the floor with green LED indicator, remote basalt cliff with no road access, No people visible. 8k, cinematic photography style.","22 feet of cantilever. 180 feet to the surf.","Ready","Day 1 - Sun Aug 30","Slot-5","2:00pm"
"7","Smart Pet Wellness","Jaguar Amazon Riverbank Reflection | Wilderkind Apex Predator 2026","Save this for your Wilderkind wildlife and apex predator board. The Jaguar is the largest cat in the Americas and the third-largest in the world, distinguishable from the Leopard by its stockier build, larger, bolder rosettes with central spots, and a dramatically larger skull built for a unique hunting technique: biting directly through the skull of its prey rather than targeting the throat. In the Pantanal, Jaguars are uniquely water-tolerant, actively swimming broad rivers and hunting caiman. At first light on the Rio Cuiabá riverbank, this large male Jaguar is standing at the water's edge, its reflection fully visible in the still amber-coloured river. The massive head is lowered, watching the water. The bold rosette pattern on the amber-gold coat is unmistakable. Save this before it disappears. #Wilderkind #Jaguar #Amazon #WildlifePhotography #ApexPredator #PantanalJaguar #BigCatPortrait","Large male Jaguar at the Rio Cuiabá Pantanal riverbank at first light, full reflection in amber-coloured still river, massive head lowered watching the water, bold rosettes with central spots on amber-gold coat clearly visible, dawn mist, from ground level slightly below eye level, no people visible.","Hyper-realistic 9:16 vertical photo, Style A Quiet Luxury. Wilderkind aesthetic. Large male Jaguar with a robust, heavily muscled body and enormous skull standing at the edge of the amber-gold coloured Rio Cuiabá in the Brazilian Pantanal at first light, the broad, still river creating a perfect reflection of the cat below the waterline, the massive head lowered slightly with intense focus on the water surface, the coat's bold, large rosettes with distinct central spots clearly visible in the warm first light, dawn mist drifting above the river surface, shot from slightly below eye level looking across the water, warm amber golden-hour first-light, No people. 8k, cinematic photography style.","Skull crusher. Water hunter. Pantanal dawn.","Ready","Day 1 - Sun Aug 30","Slot-2","9:30am"
"8","Smart Pet Wellness","Australian Shepherd Crater Lake Oregon Leap | Adventure Dog 2026","Save this for your adventure dog and herding breed photography board. The Australian Shepherd is the most high-octane dog ever developed for American cattle ranching. The merle coat pattern is the breed's most distinctive visual feature: a marble of grey, black, and amber over a base that can be blue (blue merle) or red (red merle). Blue merle is the more dramatic, with the ghost-grey and jet-black marbling creating a coat that looks painted rather than grown. At Crater Lake National Park in Oregon on a granite overlook, this blue merle Australian Shepherd is caught mid-leap across a narrow basalt rock gap, ears horizontal in the wind, the merle coat a study in grey and black marble. Crater Lake's impossible sapphire blue is visible in the background. Save this before it disappears. #AustralianShepherd #AdventureDog #CraterLake #BluemerleAussie #DogPhotography #OregonDogs #Wilderkind","Blue merle Australian Shepherd in mid-leap across a basalt rock gap at a Crater Lake National Park granite overlook, ears horizontal in the wind, grey-black marble merle coat visible, Crater Lake's sapphire blue in the background, no leash or handler visible.","Hyper-realistic 9:16 vertical photo, Style A Quiet Luxury. Blue merle Australian Shepherd with a dramatic grey-black-amber marble merle coat caught at the peak of a full mid-leap across a narrow basalt rock gap on a granite overlook at Crater Lake National Park Oregon, ears swept completely horizontal by the leap wind, front paws reaching forward, the merle coat pattern clearly visible as a complex marble of ghost-grey and jet-black, Crater Lake's extraordinary deep sapphire-blue caldera water visible in the background beyond the overlook edge, clear Oregon mountain morning light, No leash visible. No people. 8k, cinematic photography style.","Blue merle. Mid-leap. Sapphire caldera.","Ready","Day 1 - Sun Aug 30","Slot-4","12:30pm"
"9","Smart Pet Wellness","Bengal Cat Glass Boathouse Lake | Indoor Luxury Rosette Wildcat 2026","Save this for your indoor luxury cat photography and glass architecture board. The Bengal cat is a hybrid breed derived from crossing the Asian Leopard Cat with domestic breeds, producing the most wildcat-like domestic cat in both coat pattern and movement. The coat carries bold, highly defined, horizontal rosettes — spots that are partially closed to form rings, mimicking the pattern of wild cats far larger than the Bengal. The coat sheen is unique: it is described by breeders as glittered, meaning each individual hair tip is transparent and catches the light like a metallic finish. In a glass boathouse on a Washington state lake, this warm brown-spotted Bengal is sitting on the cedar dock inside the structure, looking out over the water. The lake-reflected aquamarine light plays across the rosette coat. Save this before it disappears. #BengalCat #IndoorLuxury #GlassBoathouse #RosetteCoat #WildcatDomestic #CatPhotography #WashingtonStateLake","Warm brown-spotted Bengal cat with bold horizontal rosettes and metallic glittered sheen sitting on a cedar dock inside a Washington state glass boathouse, lake-reflected aquamarine light playing across the rosette coat, water visible through the glass floor panels below, no people visible.","Hyper-realistic 9:16 vertical photo, Style A Quiet Luxury. Warm brown-spotted Bengal cat with bold, clearly defined horizontal rosettes and the breed's distinctive glittered metallic coat sheen sitting in a relaxed alert posture on a natural cedar dock inside a glass boathouse on a Washington state alpine lake, the lake-reflected cool aquamarine light entering from all glass walls playing dynamically across the rosette pattern coat creating a shifting metallic shimmer, calm lake water visible through translucent glass dock panels below, the cedar dock grain and aquamarine light creating a rich contrast with the warm golden-brown coat, No people visible. 8k, cinematic photography style.","Glittered coat. Aquamarine lake light.","Ready","Day 1 - Sun Aug 30","Slot-6","3:30pm"
"10","Build. Scale. Ship.","Your Salon Is Losing 40 Bookings a Month to Bad Software | Lumicore Labs 2026","Save this for your small business software and salon management board. If your salon runs on WhatsApp groups and a paper appointment book, you are losing bookings every single day. Not occasionally — daily. Every client who texts you at 11pm, gets no response, and books with a competitor instead is a booking you never see disappear. Every client who cancels last-minute with no penalty system is a slot you cannot fill. Every staff member who double-books because they are reading a paper diary under a salon light is a complaint waiting to happen. Custom salon booking software built by a professional team eliminates all of this: online booking 24/7, automated reminders, waitlists, staff schedules, payment integration, and real-time reporting. The right software pays for itself in 90 days. Save this before it disappears. #SalonSoftware #BuildScaleShip #SmallBusiness #SalonManagement #BookingSoftware #FreelanceDev #TechConsulting","Dark charcoal infographic with bold white text reading 'Your salon is losing 40 bookings a month to bad software' — amber subtitle showing booking loss stats, teal solution column showing custom software features, red problem column showing WhatsApp/paper diary issues, green outcome stat '90-day payback period', Lumicore Labs footer branding.","Hyper-realistic 9:16 vertical editorial infographic, Style B Dynamic Viral. Deep charcoal background (#0d0d1a). Bold white headline in Inter font: 'Your Salon Is Losing 40 Bookings a Month to Bad Software'. Amber (#f59e0b) subtitle: 'Every missed WhatsApp. Every double-book. Every last-minute cancel.' Two-column layout: RED column titled 'The Problem' listing — WhatsApp chaos, paper diary errors, 11pm texts with no response, no cancellation system; TEAL column titled 'The Fix' listing — 24/7 online booking, automated reminders, waitlist fill, staff schedule integration, Stripe payment. Green bold footer stat: 'The right software pays for itself in 90 days.' Small Lumicore Labs wordmark at the bottom right. No photography.","40 bookings. Gone. Every month.","Ready","Day 1 - Sun Aug 30","Slot-7","6:30pm"
"11","Build. Scale. Ship.","Software Studio Desk Figma Booking System | Lumicore Labs Workspace 2026","Save this for your software studio and SaaS product development board. A professional software studio produces deliverables, not just code. The deliverable is a working, designed, deployed product that solves a specific business problem. This studio workspace features a live-edge walnut desk with two monitors: the left monitor showing an open Figma file with a salon booking system mobile app design — appointment calendar view in a clean teal-and-white UI — and the right monitor showing the Linear project board for the same project with active sprint cards. A Notion client brief is open in a browser tab. An EcoFlow Pro is on the floor with green LED. The view through the floor-to-ceiling window is the San Francisco Bay at golden hour. The chair is empty. No person visible. This is what a client engagement looks like from the inside. Save this before it disappears. #BuildScaleShip #SoftwareStudio #LumicoreLabs #FigmaDesign #SalonBooking #FreelanceDev #TechConsulting","Live-edge walnut desk with two monitors in a San Francisco Bay-view studio at golden hour: left monitor showing Figma salon booking app mobile UI design in teal-and-white, right monitor showing Linear sprint board for the project, Notion client brief in browser tab, EcoFlow Pro on floor with green LED, empty chair, no person visible.","Hyper-realistic 9:16 vertical photo, Style A Quiet Luxury. Premium software studio workspace with a wide live-edge walnut desk and two large monitors, shot from slightly behind and above the empty desk chair: left monitor showing an open Figma design file with a salon booking system mobile app interface in a clean teal-and-white UI featuring an appointment calendar and booking flow, right monitor showing a Linear project management sprint board with active task cards for the same client project, a Notion client brief visible in a browser background tab, clean studio desk with a mechanical keyboard, notebook, and a white ceramic espresso cup, EcoFlow Pro power station on the studio floor with green LED indicator, floor-to-ceiling window with San Francisco Bay and the Bay Bridge at golden hour filling the background, empty desk chair, No person visible. 8k, cinematic photography style.","What a client project looks like inside.","Ready","Day 1 - Sun Aug 30","Slot-8","9:00pm"
"12","Build. Scale. Ship.","Why Your Business Needs Custom Software Not a Spreadsheet | Lumicore 2026","Save this for your small business technology and startup software board. If your core business operations run on a spreadsheet, you have already outgrown it. You just do not know it yet. The signs are consistent: a spreadsheet that requires a specific person to update it correctly, a formula that breaks when someone adds a row incorrectly, a document that cannot be accessed by two people simultaneously without creating conflicts, and zero real-time visibility into business metrics from a phone. Custom software built by a professional team replaces all of that with a single source of truth: one system, real-time data, role-based access, automated alerts, and a dashboard built for the way you actually run your business. The cost of bad data is always higher than the cost of good software. Save this before it disappears. #BuildScaleShip #CustomSoftware #LumicoreLabs #SmallBusinessTech #SaaSFounder #FreelanceDev #StartupLife","Dark charcoal infographic: bold white title 'Why Your Business Needs Custom Software (Not Another Spreadsheet)', amber subtitle listing spreadsheet failure signs, two-column layout — red 'Spreadsheet Reality' vs teal 'Custom Software' comparison, green footer stat 'Bad data costs more than good software', Lumicore Labs branding.","Hyper-realistic 9:16 vertical editorial infographic, Style B Dynamic Viral. Deep charcoal background (#1a1a2e). Bold white headline Inter font: 'Why Your Business Needs Custom Software (Not Another Spreadsheet)'. Amber subtitle: 'If one person is the only one who can update it, it is already a liability.' Two-column comparison: RED column 'Spreadsheet Reality' — one person owns it, breaks on wrong row, no mobile access, no real-time view, version conflicts; TEAL column 'Custom Software' — role-based access, real-time data, mobile dashboard, automated alerts, single source of truth. Green bold footer: 'The cost of bad data is always higher than the cost of good software.' Lumicore Labs wordmark footer. No photography.","One wrong row. One broken business.","Ready","Day 1 - Sun Aug 30","Slot-10","8:30am"
"13","Halloween Home Decor & DIY","Dark Floral Tablescape Gothic Halloween Dinner | Luxury Decor 2026","Save this for your luxury Halloween dinner party and dark floral aesthetic board. A Halloween dinner tablescape should look like it belongs in a Flemish vanitas painting. This long tablescape for eight uses a linen runner in blackened aubergine, layered over rough-textured grey Belgian linen. The centrepiece is a wild, asymmetric arrangement of preserved black dahlias, oxblood ranunculus, dark burgundy roses, and preserved magnolia leaves in a ceramic urn the colour of old bone. Scattered along the runner: sixteen pillar candles in raw black beeswax at varying heights, three miniature carved baby pumpkins, and small pewter skull taper holders. The bone-white porcelain plates have a simple embossed spider-web rim in matte black. Antique crystal wine glasses are filled with deep burgundy liquid. No people. Save this before it disappears. #HalloweenTablescape #GothicDecor #DarkFlorals #LuxuryHalloween #HalloweenDinner #SpookyAesthetic #HalloweenDIY","Long Halloween dinner tablescape for eight with blackened aubergine linen runner over grey Belgian linen, centrepiece ceramic urn with black dahlias, oxblood ranunculus, dark burgundy roses, preserved magnolia leaves, sixteen black beeswax pillar candles at varying heights, miniature carved pumpkins, pewter skull taper holders, bone-white porcelain plates with matte black spider-web rim, antique crystal glasses with deep burgundy liquid, no people visible.","Hyper-realistic 9:16 vertical photo, Style A Quiet Luxury. Long Halloween dinner table set for eight, shot from a slight elevated 45-degree angle: a blackened aubergine linen table runner layered over rough grey Belgian linen covering a dark walnut table, a dramatic asymmetric floral centrepiece in a pale bone-ceramic urn filled with preserved black dahlias, deep oxblood ranunculus, dark burgundy roses, and large preserved magnolia leaves, sixteen black raw beeswax pillar candles in varying heights scattered along the runner with softly flickering candlelight, three miniature carved baby pumpkins and small pewter skull taper holders interspersed, bone-white porcelain place settings with a matte black embossed spider-web rim pattern, antique crystal wine glasses filled with deep burgundy liquid, warm amber candlelight throughout, No people visible. 8k, cinematic photography style.","Flemish vanitas. Your dinner table.","Ready","Day 2 - Mon Aug 31","Slot-9","5:00am"
"14","Halloween Home Decor & DIY","Carved Pumpkin Waterfall Entryway Steps | Halloween Porch DIY 2026","Save this for your Halloween porch and entryway decoration board. The cascading pumpkin staircase is the most impactful single Halloween entry feature available: multiple carved pumpkins of descending sizes placed on each step of an outdoor staircase, creating a glowing waterfall of orange light from door to ground. This brownstone entry staircase in Brooklyn uses eleven carved pumpkins: three large, four medium, and four small, placed two per step on the wider central steps and one per step on the narrower upper steps. Every pumpkin is carved with a different design — moon phase cutouts, geometric stars, a spider web, a bat swarm, and classic crescent moons. LED candles inside for safety on the street, but real pillar candles inside the two pumpkins flanking the front door. Save this before it disappears. #HalloweenPorch #PumpkinStaircase #HalloweenDecor #HalloweenDIY #BrooklynHalloween #EntryDecor #SpookyHome","Eleven carved pumpkins cascading down Brooklyn brownstone entry stairs: three large, four medium, four small, two per wider step, one per upper step, each with a different carving — moon phases, geometric stars, spider web, bat swarm, crescent moons — LED candles inside most, real pillar candles in the two flanking the front door, warm amber glow, brownstone facade, no people visible.","Hyper-realistic 9:16 vertical photo, Style A Quiet Luxury. Brooklyn brownstone front entry staircase at night decorated with eleven carved pumpkins of three sizes arranged in a cascading waterfall pattern down the steps, two per wider central step and one per narrower upper step, each pumpkin carved with a different design — moon phase sequences, geometric six-pointed stars, a classic spider web, a bat swarm silhouette, and crescent moon cutouts — the lower carved pumpkins illuminated by warm flickering real beeswax pillar candles and the upper pumpkins by LED candles for safety, the two pumpkins flanking the front door slightly larger and more elaborately carved than the rest, warm orange amber pumpkin glow contrasting against the dark brownstone facade and the dark night street, No people visible. 8k, cinematic photography style.","Eleven pumpkins. One staircase. Glowing cascade.","Ready","Day 2 - Mon Aug 31","Slot-11","4:00pm"
"15","Halloween Home Decor & DIY","Witch Cottage Backyard Moonlit Garden | Halloween Dark Outdoor Decor 2026","Save this for your Halloween outdoor and garden decor board. A moonlit Halloween garden leans into the witch cottage tradition: the concept that certain gardens are deliberately designed to be most beautiful at night, under an October moon, when the pale light turns every leaf silver and every shadow deep. This cottage garden in a Portland Oregon backyard has been transformed for Halloween: raised beds of dark purple kale, black-stemmed papyrus, and burgundy mums create the main planting. Between them: galvanised iron lanterns with black candles, a rusted cast-iron cauldron overflowing with dry ice fog, a cluster of ten carved gourds and pumpkins on a low stone wall, and strings of warm-white Edison bulbs woven through an arbour draped in real dried hops. A crow weather vane on the garden shed turns in the October wind. Save this before it disappears. #HalloweenGarden #WitchCottage #OutdoorHalloween #HalloweenDecor #MoonlitGarden #DarkGarden #HalloweenDIY","Moonlit Halloween cottage garden in Portland Oregon: raised beds of dark purple kale, black-stemmed papyrus, burgundy mums, galvanised iron lanterns with black candles, rusted cast-iron cauldron with dry ice fog, cluster of ten carved gourds and pumpkins on a stone wall, warm Edison bulb strings on hops-draped arbour, crow weather vane on shed, October full moon above, no people visible.","Hyper-realistic 9:16 vertical photo, Style A Quiet Luxury. Moonlit Halloween cottage garden in a Portland Oregon residential backyard on a clear October night, raised garden beds planted with dark purple kale, black-stemmed papyrus, and deep burgundy chrysanthemums creating a deliberately dark planting palette, galvanised iron storm lanterns with thick black candles lit at ground level between the beds, a large rusted cast-iron cauldron centrepiece overflowing with low-lying dry ice fog, a cluster of ten carved gourds and pumpkins of various shapes arranged on a rough-cut stone garden wall, warm Edison bulb strings woven through a wooden arbour heavily draped with real dried hops vines, a vintage crow weather vane on the garden shed silhouetted against the bright October full moon, silver-blue moonlight and warm amber lamplight, No people visible. 8k, cinematic photography style.","October moon. Dry ice fog. Witch cottage.","Ready","Day 2 - Mon Aug 31","Slot-12","10:00pm"
"16","Future Living & Off-Grid Tech","de Havilland Beaver Float Plane Glass Cabin Dock | Aircraft Watercraft 2026","Save this for your float plane and off-grid watercraft architecture board. The de Havilland Beaver DHC-2 is the definitive bush plane of the Canadian north and the Alaska interior — a high-wing, single-engine radial workhorse that has been in continuous service since 1948 and continues to fly because no modern aircraft has replaced it for the specific combination of short-field performance, load capacity, and float-plane capability. A glass cabin built on a private dock on a remote Alaskan lake serves as both the residence and the fuel cache for the Beaver. The Beaver is moored at the dock alongside a cedar canoe. The cabin is framed in black steel with full glass on the water side. EcoFlow Delta Pro 2 powers the fuel pump system and the cabin. At dusk, the amber interior light reflects in the still lake alongside the Beaver's yellow floats. Save this before it disappears. #FloatPlane #Beaver #WatercraftArchitecture #AlaskaRemote #GlassCabin #Aircraft #EcoFlow","Glass cabin on a private dock on a remote Alaskan lake at dusk, black steel frame, full glass on water side, de Havilland Beaver DHC-2 on yellow floats moored alongside a cedar canoe, amber interior light reflecting in still lake alongside yellow floats, EcoFlow Delta Pro 2 powering fuel pump and cabin with green LED, no people visible.","Hyper-realistic 9:16 vertical photo, Style A Quiet Luxury. Black steel-framed glass cabin built on a private dock extending over a remote, pristine Alaskan lake at dusk, full-height architectural glass on the water-facing elevation glowing with warm amber interior light, a de Havilland Beaver DHC-2 bush plane on bright yellow Edo floats moored directly alongside the dock next to a natural cedar strip canoe, EcoFlow Delta Pro 2 inside the cabin near the dock-side door powering a fuel pump system with green LED indicator visible through the glass, the still, dark lake surface reflecting the amber interior glow and the yellow floats of the Beaver simultaneously, dark boreal forest on the distant shore, subarctic dusk sky, No people visible. 8k, cinematic photography style.","DHC-2 Beaver. Glass dock. Alaskan dusk.","Ready","Day 2 - Mon Aug 31","Slot-1","7:30am"
"17","Future Living & Off-Grid Tech","Airstream Bambi 16 Sierra Nevada Solo | Campers RV Compact Luxury 2026","Save this for your compact Airstream and Campers and RV solo travel board. The Airstream Bambi 16 is the smallest travel trailer Airstream makes: 16 feet of riveted aluminium with a full-size rear bed, a wet bath, and a pull-out galley kitchen. At 2,545 pounds, it can be towed by vehicles that would struggle with full-size trailers. The small size is deceptive: the interior is every square inch a design object, with Airstream's signature riveted aluminium ceiling, solid timber cabinetry, and a panoramic skylight above the bed. This Bambi 16 in polished silver is parked at the edge of a granite dome in the Sierra Nevada above 10,000 feet. The Milky Way stretches directly above the panoramic skylight. An EcoFlow Delta 2 Max handles the compact power needs. Save this before it disappears. #AirstreamBambi #CampersAndRV #SierraNevada #CompactTrailer #SoloTravel #AirstreamLife #EcoFlow","Airstream Bambi 16 in polished silver parked at the edge of a granite dome in the Sierra Nevada above 10,000 feet at night, panoramic skylight visible above the bed, the Milky Way stretching directly above, EcoFlow Delta 2 Max outside with green LED, no people visible.","Hyper-realistic 9:16 vertical photo, Style A Quiet Luxury. Airstream Bambi 16 travel trailer in polished riveted silver aluminium parked at the exposed edge of a broad granite dome in the Sierra Nevada at an elevation above 10,000 feet, shot at night from outside looking at the trailer from the rear quarter angle, the panoramic skylight above the bed position clearly visible and glowing with warm amber interior light, the extraordinary Milky Way galactic core stretching directly overhead from horizon to horizon, EcoFlow Delta 2 Max power station positioned outside near the hitch with green LED indicator, pale granite dome reflecting the starlight, cool Sierra Nevada night air, No people visible. 8k, cinematic photography style.","16 feet. Milky Way overhead. 10,000 feet up.","Ready","Day 2 - Mon Aug 31","Slot-3","11:00am"
"18","Future Living & Off-Grid Tech","Live-Edge Walnut Timber Frame Lake Cabin | Woodworking Architecture 2026","Save this for your timber frame and woodworking architecture board. Live-edge walnut is the most compositionally complex wood available for architectural applications: the natural edge of the slab retains the exact profile of the tree's outer growth ring, creating a furniture and architectural surface that is simultaneously a cross-section of time. This timber frame lake cabin in the Boundary Waters Canoe Area Wilderness in Minnesota uses live-edge black walnut slabs for the entire interior: the kitchen countertop, the dining table, the window bench, the headboard, and the floating shelves. The vertical structure is Douglas fir glulam columns with exposed timber joinery. The cabin is entirely off-grid: EcoFlow Delta Pro 3 handles power, the well is gravity-fed, and Starlink provides connectivity. The lake view through the floor-to-ceiling window is the same every morning. Save this before it disappears. #LiveEdgeWalnut #TimberFrame #WoodworkingArchitecture #BoundaryWaters #OffGridCabin #JapaneseJoinery #EcoFlow","Live-edge black walnut interior throughout a timber frame lake cabin in the Boundary Waters Canoe Area Minnesota: walnut countertop, dining table, window bench, headboard, floating shelves, Douglas fir glulam columns with exposed joinery, EcoFlow Delta Pro 3 with green LED, Starlink dish visible outside, floor-to-ceiling lake view, no people visible.","Hyper-realistic 9:16 vertical photo, Style A Quiet Luxury. Timber frame lake cabin interior in the Boundary Waters Canoe Area Wilderness in Minnesota, the interior design built entirely around live-edge black walnut slabs: a wide live-edge kitchen counter, a thick live-edge walnut dining table, a deep window bench in live-edge walnut, matching floating shelves, and a live-edge headboard visible in the sleeping loft, all showing the dramatic natural edge profile of the original black walnut tree, the vertical structural system of Douglas fir glulam columns with exposed mortise-and-tenon timber joinery, warm amber interior lighting, EcoFlow Delta Pro 3 on the floor near the kitchen with green LED indicator, Starlink dish visible through the window mounted to the exterior, full floor-to-ceiling window framing a still wilderness lake, No people visible. 8k, cinematic photography style.","Live-edge walnut. Every surface. Boundary Waters.","Ready","Day 2 - Mon Aug 31","Slot-5","2:00pm"
"19","Smart Pet Wellness","Snow Leopard Ladakh High Pass Frost | Wilderkind Ghost Cat 2026","Save this for your Wilderkind wildlife and rare mountain predator board. The Snow Leopard is called the Ghost of the Mountains because it is so rarely seen that field researchers can spend entire seasons without a confirmed visual sighting. Its coat is the most complex camouflage pattern in the cat family for its environment: pale grey with dark open rosettes that dissolve into the visual noise of granite rock and snow shadow. The tail is absurdly long and thick — nearly the length of the entire body — and the cat uses it as a scarf, wrapping it around the face while sleeping to preserve warmth at minus-30. On a frost-rimed high mountain pass in Ladakh at dawn, this Snow Leopard is crouched on a grey granite outcrop, looking directly at the camera. The dense winter coat merges with the rock. Save this before it disappears. #Wilderkind #SnowLeopard #Ladakh #GhostCat #WildlifePhotography #MountainPredator #BigCatPortrait","Snow Leopard with pale grey coat and dark open rosettes crouched on a frost-rimed granite outcrop on a Ladakh high mountain pass at dawn, looking directly at camera, dense winter coat merging with the rock, tail coiled alongside, cold pale blue-grey dawn light, from slightly below eye level, no people visible.","Hyper-realistic 9:16 vertical photo, Style A Quiet Luxury. Wilderkind aesthetic. Snow Leopard with an extremely dense pale silver-grey winter coat patterned with dark open rosettes crouched on a frost-rimed grey granite outcrop on a high Ladakhi mountain pass at dawn, looking directly at the camera with pale green-grey eyes of calm intensity, the extraordinarily thick long tail coiled alongside the haunches, the pale coat almost perfectly camouflaged against the frost-covered grey granite texture, cold pale blue-grey pre-dawn light with the first hint of amber at the horizon, shot from slightly below eye level looking up at the cat on the rock, No people. 8k, cinematic photography style.","Ghost of the mountains. Ladakh dawn.","Ready","Day 2 - Mon Aug 31","Slot-2","9:30am"
"20","Smart Pet Wellness","Alaskan Malamute Denali National Park Snow | Adventure Dog 2026","Save this for your adventure dog and Arctic sled breed photography board. The Alaskan Malamute is the oldest and largest of the Arctic sled breeds, domesticated 2,000–4,000 years ago by the Mahlemut Inupiaq people of Arctic Alaska for pulling heavy freight sledges across sea ice. The Malamute has a completely different working profile from the Siberian Husky: slower, much heavier, and built for pulling serious loads over long distances rather than speed. The coat is thick, dense, and double-layered, with a coarse outer coat repelling moisture and a soft inner coat providing insulation. In Denali National Park Alaska, this wolf-grey-and-white Alaskan Malamute is running at full freight gait across a wide snowfield, the plumed tail curved over the back, the massive paws throwing up snow spray. Denali's south face is visible behind. Save this before it disappears. #AlaskanMalamute #AdventureDog #DenaliNationalPark #ArcticBreed #SleddogLife #DogPhotography #AlaskaWild","Wolf-grey-and-white Alaskan Malamute running at full freight gait across a wide Denali National Park snowfield, plumed tail curved over back, massive paws throwing up snow spray, Denali's south face visible in the background, dense double coat in motion, no leash or handler visible.","Hyper-realistic 9:16 vertical photo, Style A Quiet Luxury. Wolf-grey-and-white Alaskan Malamute with a thick double-layered coat in the classic wolf-grey cap and white underbody pattern running at a powerful, heavy freight gait across a broad open snowfield in Denali National Park Alaska, the plumed tail carried in its characteristic high curved arc over the back, the massive double-webbed paws creating twin contrails of thrown snow spray with each powerful stride, the dense coarse outer coat and soft inner coat clearly visible in the motion, Denali's massive south face rising from the Alaska Range behind in the background, clear Alaskan mountain winter light, No leash visible. No people. 8k, cinematic photography style.","Oldest Arctic breed. Freight gait. Denali.","Ready","Day 2 - Mon Aug 31","Slot-4","12:30pm"
"21","Smart Pet Wellness","Turkish Angora Cat Marble Fireplace Autumn | Indoor Luxury White Coat 2026","Save this for your indoor luxury and rare breed cat photography board. The Turkish Angora is one of the oldest natural cat breeds in the world, documented in the Ankara region of Turkey for centuries and nearly driven to extinction by excessive crossbreeding. The pure white coat is the defining visual: it is extremely long and silky with a single coat (no undercoat), making it flow dramatically at the slightest movement. The eyes are the second miracle of the breed: they can be blue, amber, or odd-eyed (one blue, one amber). An odd-eyed white Turkish Angora is resting on a slate hearthstone in front of a white marble fireplace in a Vermont colonial farmhouse on an autumn evening. The fire is lit. The long white coat catches the firelight. One eye is gold, one is blue. Save this before it disappears. #TurkishAngora #IndoorLuxury #RareCatBreed #OddEyed #WhiteCat #CatPhotography #VermontFarmhouse","Odd-eyed white Turkish Angora cat with a single long silky flowing coat resting on a slate hearthstone in front of a white marble fireplace in a Vermont colonial farmhouse on an autumn evening, fire lit, long white coat catching the firelight, one gold eye and one blue eye clearly visible, autumn evening light, no people visible.","Hyper-realistic 9:16 vertical photo, Style A Quiet Luxury. Pure white Turkish Angora cat with an extraordinarily long, silky, single-layer flowing coat resting on a grey slate hearthstone in front of a classic white Vermont marble fireplace in a Colonial farmhouse on an autumn evening, a real hardwood fire burning in the fireplace below creating warm directional amber firelight that catches the long white flowing coat, the defining odd-eye feature clearly visible: one vivid amber-gold eye and one vivid sapphire-blue eye, the contrast striking against the pure white face, warm amber firelight and cool ambient autumn evening light from a window, No people visible. 8k, cinematic photography style.","One gold eye. One blue. Vermont fire.","Ready","Day 2 - Mon Aug 31","Slot-6","3:30pm"
"22","Build. Scale. Ship.","5 Signs Your Tuition Centre Is Haemorrhaging Revenue | Lumicore 2026","Save this for your education technology and tuition centre management board. If you run a tuition centre and your fee tracking lives in a spreadsheet, your student records live in WhatsApp, and your timetable lives in someone's head — you are haemorrhaging revenue. The five signs are specific: students with unpaid fees that nobody chases, classes that run half-empty because the waitlist is inaccessible, teachers who cannot see their own schedule from their phone, parents who get zero automated progress updates, and an admin person who is the single point of failure for the entire operation. Purpose-built tuition centre management software solves all five in a single system. The right software pays for itself in 90 days. Save this before it disappears. #TuitionCentreSoftware #BuildScaleShip #EducationTech #LumicoreLabs #SmallBusiness #FreelanceDev #TechConsulting","Dark charcoal infographic: bold white title '5 Signs Your Tuition Centre Is Haemorrhaging Revenue', amber subtitle, numbered list of five red warning signs with teal solution counter for each, green payback stat at footer, Lumicore Labs branding.","Hyper-realistic 9:16 vertical editorial infographic, Style B Dynamic Viral. Deep charcoal background (#0d0d1a). Bold white headline Inter font: '5 Signs Your Tuition Centre Is Haemorrhaging Revenue'. Amber subtitle: 'Most centres fix these in 90 days with the right software.' Numbered list of five RED warning signs: 1. Unpaid fees no one chases, 2. Half-empty classes while waitlists are inaccessible, 3. Teachers who cannot see their own schedule on a phone, 4. Parents who never get automated progress updates, 5. Admin who is the single point of failure for everything. Each warning sign paired with a brief TEAL solution note. Green bold footer: 'The right software pays for itself in 90 days.' Lumicore Labs wordmark footer right. No photography.","One admin. One point of failure.","Ready","Day 2 - Mon Aug 31","Slot-7","6:30pm"
"23","Build. Scale. Ship.","Studio Desk Linear Board Stripe Revenue Client | Lumicore Workspace 2026","Save this for your software studio and client project management board. A professional studio shows its work through its project infrastructure, not its portfolio page. This studio workspace has a glass desk with two monitors: the left showing a Linear board with three active client project lanes — a salon booking system, a retail inventory app, and an education portal — each with sprint cards, issue counts, and priority flags. The right monitor shows a Stripe dashboard with monthly recurring revenue at 12,400 dollars, a new client payment of 4,800 dollars settling, and a pending milestone invoice. The client's app is open in a mobile preview window in Figma. This is what a real studio engagement infrastructure looks like. EcoFlow Pro is on the floor. The window frames Austin Texas at golden hour. Save this before it disappears. #BuildScaleShip #SoftwareStudio #LumicoreLabs #LinearApp #StripeRevenue #FreelanceDev #ClientWork","Glass desk with two monitors in Austin Texas golden hour window studio: left monitor showing Linear board with three active client project lanes (salon booking, retail inventory, education portal) with sprint cards; right monitor showing Stripe dashboard with $12,400 MRR, $4,800 new payment, pending milestone invoice; Figma mobile preview on a third tab; EcoFlow Pro on floor with green LED; empty desk; no person visible.","Hyper-realistic 9:16 vertical photo, Style A Quiet Luxury. Premium software studio glass desk with two large monitors, shot from slightly behind and above the empty ergonomic chair: left monitor showing a Linear project management board with three active client project columns — Salon Booking System, Retail Inventory App, Education Portal — each with detailed sprint cards, issue counts, and colour-coded priority flags; right monitor showing a Stripe dashboard displaying monthly recurring revenue of $12,400 with a graph trending upward, a new client payment of $4,800 settling in real time, and a pending milestone invoice; a Figma mobile app preview visible in a background browser tab, EcoFlow Pro on the studio floor with green LED indicator, the Austin Texas downtown skyline and Colorado River visible through the floor-to-ceiling window at golden hour, No person visible. 8k, cinematic photography style.","$12,400 MRR. Three active clients. One studio.","Ready","Day 2 - Mon Aug 31","Slot-8","9:00pm"
"24","Build. Scale. Ship.","The Hidden Cost of Running Your Business on WhatsApp | Lumicore 2026","Save this for your small business technology and SME operations board. WhatsApp is free. That is the trap. Every booking taken on WhatsApp has a hidden cost: the time your staff spends manually confirming it, the confusion when two staff members reply differently, the client who cancels by text and you miss it, the double-booking that requires a personal call to resolve, the negative review from the client who never got a reminder. Add up the real cost of WhatsApp as a business tool and it exceeds the cost of proper booking software within the first month. Custom booking software is not a luxury. It is a break-even decision disguised as an upgrade. Save this before it disappears. #BuildScaleShip #WhatsAppBusiness #LumicoreLabs #BookingSoftware #SmallBusiness #TechConsulting #SMEOperations","Dark charcoal infographic: bold white title 'The Hidden Cost of Running Your Business on WhatsApp', amber subtitle about the free trap, two columns — RED 'WhatsApp Reality' listing all hidden costs vs TEAL 'Proper Software' listing solutions, green footer stat about break-even timeline, Lumicore Labs branding.","Hyper-realistic 9:16 vertical editorial infographic, Style B Dynamic Viral. Deep charcoal background (#1a1a2e). Bold white headline Inter font: 'The Hidden Cost of Running Your Business on WhatsApp'. Amber subtitle: 'It is not free. You are paying in staff time, missed bookings, and bad reviews.' Two-column comparison: RED column 'WhatsApp Reality' — manual confirmation time, missed cancellation texts, double-booking phone calls, zero automated reminders, no reporting, disorganised client history; TEAL column 'Proper Software' — instant auto-confirm, cancellation rules enforced, no double-booking possible, automated reminders, live dashboard, complete client history. Green bold footer: 'Custom booking software breaks even in Month 1.' Lumicore Labs wordmark. No photography.","Free always has a hidden price.","Ready","Day 2 - Mon Aug 31","Slot-10","8:30am"
"25","Halloween Home Decor & DIY","Dark Dining Room Cobweb Chandelier Halloween | Interior Decor 2026","Save this for your Halloween interior decor and dark luxury home board. The cobweb chandelier is the most theatrical Halloween interior transformation available to a homeowner who does not want to paint their walls black. It requires only: a white chandelier, multiple cans of stretch spider web cotton, and several large resin spiders. The result should look like the chandelier has been abandoned for decades. This dining room in a Georgian terrace in Savannah Georgia uses a brass eight-arm chandelier now completely draped in thick white cobweb cotton that falls six inches below the lowest arms. Three large resin black widow spiders with red hourglass markings are positioned at different levels. Below: the dark Halloween tablescape is set. Above: the cobweb chandelier glows amber through the cotton. Save this before it disappears. #HalloweenInterior #CobwebChandelier #HalloweenDecor #DarkDining #SavannahHalloween #HalloweenDIY #SpookyHome","Brass eight-arm chandelier in Savannah Georgia Georgian terrace dining room completely draped in thick white cobweb cotton falling six inches below the arms, three large resin black widow spiders with red hourglass markings at different levels, amber chandelier glow through the cotton, Halloween tablescape below, dark dining room, no people visible.","Hyper-realistic 9:16 vertical photo, Style A Quiet Luxury. Brass eight-arm chandelier in a Savannah Georgia Georgian terrace dining room completely transformed by thick stretch cotton cobweb draped and cascading six inches below the lowest arm tips, creating a dense, dusty cobweb curtain effect, three large resin black widow spiders with clearly visible red hourglass markings on the abdomen positioned at different heights on the webbing, the warm amber bulb light of the chandelier glowing softly through the dense white cobweb cotton, a dark Halloween tablescape with black candles and carved pumpkins set on the table below, dark Georgian interior walls, No people visible. 8k, cinematic photography style.","Abandoned for decades. Or just for October.","Ready","Day 3 - Tue Sep 1","Slot-9","5:00am"
"26","Halloween Home Decor & DIY","Floating Ghost Lantern Porch Autumn Leaves | Halloween Outdoor DIY 2026","Save this for your Halloween outdoor decor and DIY porch ideas board. Floating ghost lanterns are one of the most satisfying Halloween DIY projects because the materials cost under fifteen dollars and the effect is genuinely ethereal. Each ghost is a white paper lantern wrapped in a single sheet of cheesecloth draped and glued at the neck to create a flowing form. The face is two black oval felt cutouts for eyes. Thin clear fishing line suspends them at different heights from a covered porch ceiling. When the October wind moves them, the cheesecloth ripples and the ghost appears to breathe. This porch in a Connecticut colonial house has nine ghost lanterns at heights ranging from three to seven feet, suspended above an arrangement of pumpkins, corn stalks, and scattered dry leaves on the porch floor. Save this before it disappears. #HalloweenDIY #GhostLanterns #HalloweenPorch #PaperLanternGhosts #OutdoorHalloween #HalloweenDecor #DIYHalloween","Nine white cheesecloth paper lantern ghosts suspended at heights from three to seven feet from clear fishing line on a Connecticut colonial covered porch, black oval felt eyes, October wind making cheesecloth ripple, pumpkins and corn stalks on porch floor with scattered dry leaves below, no people visible.","Hyper-realistic 9:16 vertical photo, Style A Quiet Luxury. Connecticut colonial covered front porch at night with nine handmade ghost lanterns suspended at varying heights from three to seven feet from transparent fishing line attached to the porch ceiling: each ghost is a white paper lantern wrapped in draped white cheesecloth glued at the neck with a flowing free-hanging form, two black oval felt eyes cut-out and applied to the cheesecloth face area, the October night breeze causing the cheesecloth to ripple and sway, giving each ghost a floating, breathing quality, warm porch ceiling lantern light illuminating the ghosts from above, a floor arrangement of three carved pumpkins, two dried corn stalks, and scattered dry autumn oak leaves on the grey porch boards below, No people visible. 8k, cinematic photography style.","$15 of cheesecloth. Nine ghosts.","Ready","Day 3 - Tue Sep 1","Slot-11","4:00pm"
"27","Halloween Home Decor & DIY","Black Skull Candle Arrangement Dark Shelf | Halloween Luxury Decor 2026","Save this for your Halloween luxury decor and dark shelf styling board. The skull candle arrangement is a perennial Halloween classic, but the difference between a Halloween store skull and a luxury skull arrangement is material and scale. Luxury Halloween skull decor uses: cast plaster or concrete skulls with a matte bone-white or aged patina rather than plastic, real beeswax candles rather than paraffin, and a carefully considered arrangement that references a vanitas still life rather than a horror prop. This dark-stained oak floating shelf in a Chicago loft uses three cast concrete skulls of descending sizes, each partially embedded in a pool of dripped black and deep crimson beeswax from the tapers above. Dried black figs and preserved branches of dark red pyracantha berries complete the arrangement. Save this before it disappears. #HalloweenDecor #SkullCandles #LuxuryHalloween #DarkShelfStyle #VanitasAesthetic #GothicDecor #HalloweenDIY","Dark-stained oak floating shelf in a Chicago loft with three cast concrete skulls of descending sizes partially embedded in dripped black and deep crimson beeswax pools from tapers above, dried black figs and preserved dark red pyracantha berries, matte bone-white skull texture, warm amber candlelight, no people visible.","Hyper-realistic 9:16 vertical photo, Style A Quiet Luxury. Dark-stained oak floating shelf in a Chicago industrial loft lit entirely by candlelight, styled with three cast concrete skulls of three descending sizes with a matte aged bone-white patina, each skull partially submerged in a pool of solidified dripped beeswax in black and deep crimson colours from the tall beeswax taper candles burning above, a scattering of dried black figs and preserved dark red pyracantha berry clusters between the skulls, the entire arrangement evoking a Dutch vanitas still-life painting, warm amber beeswax candlelight from above creating dramatic downward shadow on the skull forms, loft brick wall behind, No people visible. 8k, cinematic photography style.","Concrete skull. Dripped beeswax. Vanitas.","Ready","Day 3 - Tue Sep 1","Slot-12","10:00pm"
"28","Future Living & Off-Grid Tech","Seaplane Ramp Timber Glass Boathouse | Aircraft Watercraft Architecture 2026","Save this for your float plane and glass boathouse architecture board. A seaplane ramp integrated into a boathouse structure is one of the most specialised and dramatic pieces of private waterfront infrastructure possible. This boathouse on a private lake in the Idaho panhandle has a dedicated concrete seaplane ramp running from the lake surface up through the boathouse floor — wide enough for a Cessna 185 on floats to taxi directly into the building. The boathouse itself is timber frame with Accoya wood siding and full glass on the lake side. Inside: the Cessna is secured on the ramp, a de Havilland Otter floatplane is moored at the water dock, tools and aviation maps are spread on a workbench. EcoFlow Delta Pro 2 runs the interior lights. The timber frame is visible in the roof. Save this before it disappears. #SeaplaneRamp #Aircraft #WatercraftArchitecture #GlassBoathouse #IdahoPanhandle #FloatPlane #EcoFlow","Glass and Accoya timber boathouse with integrated concrete seaplane ramp on a private Idaho panhandle lake, Cessna 185 on floats secured on the ramp inside the boathouse, de Havilland Otter moored at the water dock, aviation maps on workbench, full glass on lake side, timber frame roof, EcoFlow Delta Pro 2 with green LED, no people visible.","Hyper-realistic 9:16 vertical photo, Style A Quiet Luxury. Timber frame boathouse with Accoya wood siding and full-height architectural glass on the lake-facing elevation on a private lake in the Idaho panhandle, the interior revealing a wide concrete seaplane ramp running from the water surface through the boathouse floor, a Cessna 185 on aluminium floats positioned and secured on the ramp inside the structure, a de Havilland Twin Otter in red-and-white livery moored at the interior water dock alongside the ramp, a sturdy timber workbench with aviation topographic maps, tools, and a VHF radio, exposed timber frame roof structure above, EcoFlow Delta Pro 2 on the workbench end with green LED indicator, warm amber work lighting, lake and forest visible through the glass lake-side wall, No people visible. 8k, cinematic photography style.","Cessna inside. Otter at the dock. Idaho lake.","Ready","Day 3 - Tue Sep 1","Slot-1","7:30am"
"29","Future Living & Off-Grid Tech","G-Wagon 463A Expedition Roof Tent Morocco | Campers RV Build 2026","Save this for your overland expedition and Campers and RV board. The Mercedes G-Class 463A Series is the civilian evolution of the military G-Wagen, and unlike the luxury G63 AMG, it retains the manual low-range transfer case, the portal axle ground clearance, and the stamped steel body that the military version uses. The 463A is to the 463 what the Land Rover Defender 90 is to the Defender 110: the more serious, more utilitarian machine. This 463A in Mineral White is expedition-equipped: a Lamar roof rack carrying a Autohome Columbus RTT rooftop tent and a solar array, a front-mounted winch, two sand ladders on the hood, and a dual-arm camping table mounted rear. It is parked in the Draa River valley in southern Morocco with the Erg Chebbi dunes in the far background. EcoFlow Delta Pro 2. Save this before it disappears. #GWagon463A #CampersAndRV #MoroccoOverland #ExpeditionBuild #RooftopTent #OffRoad #EcoFlow","Mercedes G-Class 463A in Mineral White in the Draa River valley Morocco, Lamar roof rack with Autohome Columbus RTT deployed and solar array, front winch, two sand ladders on hood, dual-arm camping table at rear, EcoFlow Delta Pro 2 inside with green LED, Erg Chebbi dunes visible in far background, golden Moroccan desert light, no people visible.","Hyper-realistic 9:16 vertical photo, Style A Quiet Luxury. Mercedes G-Class 463A in Mineral White with visible portal axle ground clearance and utilitarian 463A body details, equipped with a heavy-duty Lamar roof rack system carrying an Autohome Columbus hard-shell rooftop tent fully deployed with integrated solar panels, a front-mounted electric winch with synthetic rope, two bright orange MaxTrax sand ladders mounted to the hood, and a dual-arm folding camping table at the rear, parked in the wide rocky Draa River valley in southern Morocco at late afternoon, the distant crests of the Erg Chebbi sand dunes visible on the horizon in the warm golden Saharan light, EcoFlow Delta Pro 2 inside with green LED indicator, No people visible. 8k, cinematic photography style.","463A. More serious. Morocco sand.","Ready","Day 3 - Tue Sep 1","Slot-3","11:00am"
"30","Future Living & Off-Grid Tech","Welded Steel Floating Dock Cabin Vancouver | Watercraft Metal Architecture 2026","Save this for your floating architecture and industrial metal watercraft board. A floating cabin made entirely from welded steel on a large floating pontoon dock in the Pacific Northwest is a statement of material confidence: steel corrodes in a marine environment, but marine-grade Corten steel corrodes at such a slow and controlled rate that the resulting patina becomes a design material in its own right. This floating cabin on a private dock in Howe Sound British Columbia uses welded 3mm Corten panels for the exterior and a corrugated steel roof in weathered zinc grey. Inside: a black steel wood stove, timber joinery, and EcoFlow Delta Pro 3 triple stack. A 16-foot welded aluminium flat-top boat is moored alongside. The Stawamus Chief granite dome is visible across the Sound. Save this before it disappears. #WeldedSteel #CortenSteel #FloatingCabin #HoweSound #WatercraftArchitecture #MetalArt #EcoFlow","Welded Corten steel floating cabin on a private dock in Howe Sound British Columbia, 3mm Corten exterior with controlled marine patina, corrugated zinc grey steel roof, 16-foot welded aluminium flat-top boat moored alongside, Stawamus Chief granite dome visible across the Sound, EcoFlow Delta Pro 3 triple stack inside with green LEDs, black steel wood stove and timber joinery, no people visible.","Hyper-realistic 9:16 vertical photo, Style A Quiet Luxury. Welded Corten steel floating cabin mounted on a large concrete pontoon dock in Howe Sound British Columbia, the exterior clad in 3mm marine-grade Corten steel panels showing a controlled amber-to-deep-auburn oxidised patina, a corrugated weathered zinc-grey steel mono-pitch roof, a 16-foot flat-top welded aluminium work boat moored alongside the pontoon, EcoFlow Delta Pro 3 triple stack visible inside through a small porthole window with green LED indicator array, a black cast-iron wood stove and exposed timber interior joinery visible through the larger window, the massive sheer granite face of the Stawamus Chief rock dome rising across Howe Sound in the background, Pacific Northwest overcast coastal light, No people visible. 8k, cinematic photography style.","Marine Corten. Howe Sound. Chief behind.","Ready","Day 3 - Tue Sep 1","Slot-5","2:00pm"
"31","Smart Pet Wellness","Puma Patagonia Cliff Winter | Wilderkind Mountain Lion 2026","Save this for your Wilderkind wildlife and puma predator board. The Puma — also called Mountain Lion, Cougar, or Panther — has the largest natural range of any terrestrial mammal in the Western Hemisphere, from the Yukon to Patagonia. The Patagonian Puma is the largest subspecies, with individuals exceeding 100kg in mass. Unlike most big cats, the Puma cannot roar — instead it screams, chirps, and purrs at high volume. The coat is a uniform tawny-brown with no spotting, but the kitten coat is spotted for camouflage. On a windswept cliff edge in Torres del Paine National Park Chile in winter, this large Patagonian Puma is lying in a resting posture on a rock ledge, looking directly into the wind. The tawny coat is ruffled by the gusts. The pale amber eyes are half-closed. Save this before it disappears. #Wilderkind #Puma #PatagoniaCougar #TorresDelPaine #WildlifePhotography #MountainLion #PredatorPortrait","Large Patagonian Puma resting on a windswept rock ledge in Torres del Paine National Park Chile in winter, tawny coat ruffled by gusts, pale amber eyes half-closed looking into the wind, granite towers visible in the background, cool winter light, shot from slightly below eye level, no people visible.","Hyper-realistic 9:16 vertical photo, Style A Quiet Luxury. Wilderkind aesthetic. Large Patagonian Puma with a uniform tawny-brown coat in a resting sphinx posture on an exposed wind-scoured rock ledge in Torres del Paine National Park Chile in winter, the heavy coat visibly ruffled and streaming in the powerful Patagonian wind, pale amber-yellow eyes half-closed against the wind with an expression of absolute calm, the distinctive Torres del Paine granite towers partially visible through blowing cloud behind, cold, pale, high-latitude winter light, shot from slightly below the ledge level looking up, No people. 8k, cinematic photography style.","100kg. Torres del Paine. In the wind.","Ready","Day 3 - Tue Sep 1","Slot-2","9:30am"
"32","Smart Pet Wellness","Vizsla Golden Hour Vineyard California | Adventure Dog Elegant Runner 2026","Save this for your adventure dog and elegant breed photography board. The Vizsla is the national dog of Hungary, a medium-sized pointing breed with a coat and eye colour that are uniquely matching: both are a rich, warm golden-rust, making the eye nearly invisible against the coat and giving the dog a monochromatic warmth unlike any other breed. They are the lightest of the hunting dog breeds for their frame size, built for speed and athleticism over endurance. At a Napa Valley California vineyard at the peak of golden hour on a September afternoon, this Vizsla is running at full speed down a vine row, ears streaming behind, the golden-rust coat perfectly matching the colour of the harvest-ripe Chardonnay grapes in the background. Save this before it disappears. #Vizsla #AdventureDog #NapaValley #HungarianHound #DogPhotography #GoldenHour #WineDog","Vizsla running at full speed down a Napa Valley vineyard row at peak golden hour, ears streaming behind, the golden-rust coat exactly matching the colour of the harvest-ripe Chardonnay grapes and the golden light, mid-stride with all four paws off the ground, no leash or handler visible.","Hyper-realistic 9:16 vertical photo, Style A Quiet Luxury. Vizsla Hungarian pointing breed in a golden-rust short coat running at full speed down a vine row of a Napa Valley California vineyard at the absolute peak of late September golden hour, all four feet completely off the ground in mid-gallop, ears streaming straight back, the rich warm golden-rust coat colour precisely matching the colour of the harvest-ripe Chardonnay grape clusters hanging in the vines of the row behind, the entire scene bathed in warm monochromatic amber-gold late afternoon light, vine row perspective lines drawing back into the golden horizon, No leash visible. No people. 8k, cinematic photography style.","Golden coat. Golden grapes. Napa, September.","Ready","Day 3 - Tue Sep 1","Slot-4","12:30pm"
"33","Smart Pet Wellness","Scottish Fold Cat Autumn Window Rain | Indoor Luxury Folded Ears 2026","Save this for your indoor luxury cat photography board. The Scottish Fold is defined by a single genetic mutation affecting the cartilage of the ear, causing the ear tips to fold forward and downward, giving the cat an owlish, round-faced appearance. The mutation is the same across all fold degrees — the more tightly folded the ear, the more rounded and owl-like the head appears. Combined with the large, round, forward-set eyes, the Scottish Fold has an expression of permanent, slightly baffled attentiveness. This blue-grey Scottish Fold is sitting on a broad stone window sill in an Edinburgh stone townhouse during heavy autumn rain. The round, folded-ear face is turned profile to the window. The heavy rain streams down the stone and glass. The blue-grey coat matches the Edinburgh autumn sky. Save this before it disappears. #ScottishFold #IndoorLuxury #RareCatBreed #FoldedEars #CatPortrait #EdinburghRain #AutumnCat","Blue-grey Scottish Fold cat with fully folded forward ear tips and large round forward-set eyes sitting in profile on a broad stone window sill in an Edinburgh townhouse during heavy autumn rain, round owlish face in profile, rain streaming down stone and glass, blue-grey coat matching the Edinburgh autumn sky, no people visible.","Hyper-realistic 9:16 vertical photo, Style A Quiet Luxury. Blue-grey Scottish Fold cat with the full tight forward fold of the ear cartilage creating the characteristic round owlish head shape, large, round, slightly wide-set eyes, sitting in a calm compact posture in perfect profile on a broad natural stone window sill in an Edinburgh stone townhouse on a heavy autumn rain day, the round folded-ear face turned in profile toward the rain-streaming window glass, heavy rain visible streaming down the rough grey Edinburgh sandstone exterior and the glass simultaneously, the blue-grey coat colour almost exactly matching the tone of the overcast Edinburgh October sky outside, No people visible. 8k, cinematic photography style.","Owlish. Permanent bafflement. Edinburgh rain.","Ready","Day 3 - Tue Sep 1","Slot-6","3:30pm"
"34","Build. Scale. Ship.","When to Build Custom vs Buy Off-the-Shelf | Lumicore Labs 2026","Save this for your startup software strategy and founder decision-making board. Every founder eventually faces the build vs buy decision, and most get it wrong in the same direction: they buy off-the-shelf software that almost fits their workflow, then spend more in customisation fees and workarounds than a custom build would have cost in the first place. The decision framework is simple: if the software process is your competitive advantage, build it. If it is commodity infrastructure, buy it. If you have specific regulatory, branding, or integration requirements, build it. If your workflow does not fit any existing product without significant modification, build it. The right answer is not always custom software. But more often than not for growing SMEs, it is. Save this before it disappears. #BuildVsBuy #BuildScaleShip #LumicoreLabs #SoftwareStrategy #StartupDecisions #FreelanceDev #SaaSFounder","Dark charcoal infographic: bold white title 'When to Build Custom vs Buy Off-the-Shelf', amber subtitle about the build vs buy trap, a decision framework matrix with BUILD cases in teal and BUY cases in green, red warning note about the customisation fee trap, Lumicore Labs footer.","Hyper-realistic 9:16 vertical editorial infographic, Style B Dynamic Viral. Deep charcoal background (#0d0d1a). Bold white Inter headline: 'When to Build Custom vs Buy Off-the-Shelf'. Amber subtitle: 'Most founders get this wrong — in the same direction.' Decision matrix with two clear columns: TEAL column 'BUILD CUSTOM IF' — your workflow is your competitive advantage, you have specific integration or regulatory needs, off-the-shelf requires significant modification, you are paying more in customisation fees than a build would cost; GREEN column 'BUY OFF-THE-SHELF IF' — it is commodity infrastructure, the process is not a differentiator, multiple products solve it well. RED warning box at bottom: 'The real trap: buying software that almost fits and spending 2x in workarounds.' Green footer: 'When in doubt, consult a professional before committing either way.' Lumicore Labs wordmark. No photography.","Build what you are. Buy everything else.","Ready","Day 3 - Tue Sep 1","Slot-7","6:30pm"
"35","Build. Scale. Ship.","Studio Desk Notion Brief Deployment Dashboard | Lumicore Workspace 2026","Save this for your software studio and project management board. The difference between a freelancer and a professional studio is infrastructure. A professional studio has a client brief template that never varies, a deployment checklist that is run on every project, a sprint process that clients can observe, and a staging environment where clients preview changes before they go live. This studio desk in a New York loft shows two monitors: the left with a full Notion client project workspace open — brief, architecture diagram, sprint board, and client approval log all visible in one view. The right monitor shows a Vercel deployment dashboard with a live production app and a staging preview side by side. An EcoFlow Pro is on the floor. No person at the desk. This is what a delivery system looks like. Save this before it disappears. #BuildScaleShip #SoftwareStudio #LumicoreLabs #NotionWorkspace #VercelDeploy #FreelanceDev #ClientDelivery","Two monitors on a New York loft studio desk: left showing Notion client workspace with brief, architecture diagram, sprint board, and client approval log; right showing Vercel deployment dashboard with live production and staging preview side by side, EcoFlow Pro on floor with green LED, empty desk, no person visible, New York skyline through window.","Hyper-realistic 9:16 vertical photo, Style A Quiet Luxury. Premium New York loft software studio desk with two large monitors shot from slightly above and behind the empty desk chair: left monitor showing a full Notion client project workspace with a detailed client brief, an architecture system diagram, an active sprint board with cards in three columns, and a client approval log visible in a sidebar; right monitor showing a Vercel deployment dashboard with a live production app URL and a staging preview URL side by side with green deploy status indicators; a clean desk with a notepad and pen, EcoFlow Pro power station on the loft floor with green LED indicator, floor-to-ceiling loft window with the New York city skyline and the Hudson River visible at golden hour, empty desk chair, No person visible. 8k, cinematic photography style.","Brief. Sprint. Deploy. Live.","Ready","Day 3 - Tue Sep 1","Slot-8","9:00pm"
"36","Build. Scale. Ship.","Your Staff Schedule Should Not Live in a Group Chat | Lumicore 2026","Save this for your salon management and small business operations board. If your staff schedule lives in a WhatsApp group, you have a management system that has no accountability, no audit trail, no shift-swap protocol, and no connection to your booking system. The result is specific: shifts that go uncovered because a message gets scrolled past, double-staffing on slow days and understaffing on busy days, a manager who spends 40 minutes every Sunday night sending the week's schedule by hand, and a staff member who shows up to the wrong shift because the most recent message in a long thread was misread. Staff scheduling software integrated with your booking system eliminates all of this. The schedule is live, the booking load is visible, and accountability is automated. Save this before it disappears. #SalonManagement #StaffScheduling #BuildScaleShip #LumicoreLabs #SmallBusiness #WhatsAppBusiness #TechConsulting","Dark charcoal infographic: bold white title 'Your Staff Schedule Should Not Live in a Group Chat', amber subtitle about the WhatsApp management trap, red list of specific scheduling failures, teal solution column about integrated staff scheduling software, green accountability stat, Lumicore Labs branding.","Hyper-realistic 9:16 vertical editorial infographic, Style B Dynamic Viral. Deep charcoal background (#1a1a2e). Bold white Inter headline: 'Your Staff Schedule Should Not Live in a Group Chat'. Amber subtitle: 'No accountability. No audit trail. No link to your bookings.' RED list of specific failures: Shifts uncovered because a message scrolled past, Double-staffed slow days and understaffed busy days, 40 minutes every Sunday sending the schedule by hand, Wrong shift because someone misread the last message. TEAL solution block: 'Staff scheduling software integrated with bookings — live schedule, booking load visible, shift changes tracked, automated accountability.' Green footer stat: 'Managers who switch recover 3+ hours per week immediately.' Lumicore Labs wordmark. No photography.","40 minutes every Sunday. For nothing.","Ready","Day 3 - Tue Sep 1","Slot-10","8:30am"
"37","Halloween Home Decor & DIY","Smashed Pumpkin Door Wreath Dark Botanicals | Halloween DIY 2026","Save this for your Halloween wreath and front door decor board. The Halloween wreath made from dark botanicals rather than synthetic decorations is a statement about quality and permanence: real dried materials outlast the season. This front door wreath on a Pacific Heights San Francisco Victorian uses a 22-inch grapevine base form, dressed with dried black protea heads, preserved dark burgundy carnations, dried smoke tree branches in deep aubergine, black-dyed thistle heads, and dried spiky sweet gum balls. Small cast-iron pumpkin ornaments on jute twine are worked through the botanical layer. A single real crow feather is pushed into the centre as a finishing flourish. The wreath is tied with a wide deep aubergine velvet ribbon. No orange. No plastic. Save this before it disappears. #HalloweenWreath #DarkBotanicals #HalloweenDIY #FrontDoorDecor #DarkFloral #GothicWreath #HalloweenDecor","22-inch grapevine Halloween wreath on a San Francisco Victorian front door: dried black protea heads, preserved dark burgundy carnations, dried dark aubergine smoke tree branches, black-dyed thistle heads, sweet gum balls, small cast-iron pumpkin ornaments on jute twine, single crow feather in centre, wide dark aubergine velvet ribbon tie, no orange or plastic, no people visible.","Hyper-realistic 9:16 vertical photo, Style A Quiet Luxury. A large 22-inch grapevine base wreath hung on the deep indigo front door of a San Francisco Victorian house, dressed with dried black protea flower heads, preserved dark burgundy dried carnations, dried smoke tree branches in deep aubergine-purple, black-dyed dried thistle heads, and dried spiky sweet gum balls, small cast-iron pumpkin ornaments on rough jute twine woven into the botanical layer, a single large jet-black crow feather pushed into the centre as a focal flourish, tied at the bottom with a wide deep aubergine velvet ribbon bow, no synthetic or plastic decoration visible, no orange anywhere in the composition, cool San Francisco fog-light, No people visible. 8k, cinematic photography style.","No orange. No plastic. Just dark botanicals.","Ready","Day 4 - Wed Sep 2","Slot-9","5:00am"
"38","Halloween Home Decor & DIY","Candlelit Window Halloween Street View | Dark Home Exterior Decor 2026","Save this for your Halloween home exterior and window decor board. The most cinematic Halloween exterior is not the most elaborate one — it is the most intentional one. A single window with a perfect arrangement of candles and a silhouette is more powerful than a yard covered in inflatable ghosts. This Chicago greystoner on Halloween night has five windows on the front elevation, each styled differently. Window one: seven white taper candles at varying heights and a black cat ceramic figurine. Window two: a carved pumpkin lantern flanked by two black candles. Window three: a large pentacle candle arrangement on a brass tray. Window four: nothing but a sheer black curtain backlit amber from inside. Window five: a skeletal hand reaching upward in silhouette. The effect from the street is cinematic. Save this before it disappears. #HalloweenExterior #WindowDecor #HalloweenHome #CandlelitWindow #DarkAesthetic #HalloweenDIY #ChicagoHalloween","Chicago greystoner front elevation on Halloween night: five windows each styled differently — seven white tapers and black cat ceramic, carved pumpkin with two black candles, pentacle candle arrangement on brass tray, sheer black curtain backlit amber, skeletal hand silhouette reaching upward — street view, cinematic, no people visible.","Hyper-realistic 9:16 vertical photo, Style A Quiet Luxury. Chicago greystoner residential building front exterior on Halloween night, shot from street level looking up at five front-facing windows, each window styled independently: leftmost window — seven white taper candles at varying heights and a black cat ceramic figurine on the sill; second window — a single large carved pumpkin lantern flanked by two black pillar candles; centre window — a large five-point candle arrangement on a vintage brass tray; fourth window — nothing visible except a sheer black curtain glowing warm amber from interior light behind it; rightmost window — a skeletal hand reaching upward in dramatic silhouette against amber interior light, the complete five-window composition creating a cinematic Halloween exterior story from the street perspective, cool October night air, No people visible. 8k, cinematic photography style.","Five windows. Five stories. One building.","Ready","Day 4 - Wed Sep 2","Slot-11","4:00pm"
"39","Halloween Home Decor & DIY","Luxury Halloween Bedroom Black Velvet Canopy | Dark Decor 2026","Save this for your Halloween bedroom decor and dark luxury interior board. The Halloween bedroom transformation that works for the whole month of October — not just one night — requires restraint. No plastic skeletons. No novelty items. Instead: a black silk organza canopy draped from the ceiling above a white linen bed, a cluster of three differing-height black iron candleholders on the nightstand with real beeswax tapers, preserved dried dark burgundy roses in a bone-white ceramic vase, a heavy velvet throw in deep aubergine at the foot of the bed, and a wreath of dark botanicals on the bedroom door inside. The room feels like a Pre-Raphaelite painting from October. Save this before it disappears. #HalloweenBedroom #LuxuryHalloween #DarkBedroom #BlackCanopy #HalloweenDecor #GothicBedroom #OctoberAesthetic","Bedroom with black silk organza canopy draped from ceiling over white linen bed, three black iron candleholders on nightstand with beeswax tapers, preserved dark burgundy roses in bone-white ceramic vase, heavy deep aubergine velvet throw at foot of bed, dark botanical wreath on bedroom door inside, warm candlelight, no people visible.","Hyper-realistic 9:16 vertical photo, Style A Quiet Luxury. Bedroom interior with a dramatic black silk organza canopy draped from a central ceiling mount cascading down to frame a white linen bed, a cluster of three black wrought-iron candleholders of different heights on the natural stone nightstand each with a tall beeswax taper candle burning with soft warm amber light, a bone-white matte ceramic vase with preserved dried dark burgundy roses and dried poppy seed heads on the nightstand, a heavy deep aubergine velvet throw folded at the foot of the bed, a wreath of dried dark botanicals (protea, black dried roses, dusty miller) hanging on the inside of the bedroom door, warm amber beeswax candlelight creating soft shadows, Pre-Raphaelite aesthetic, No people visible. 8k, cinematic photography style.","October. All month. Not just one night.","Ready","Day 4 - Wed Sep 2","Slot-12","10:00pm"
"40","Future Living & Off-Grid Tech","Timber Frame Glass Pod Forest Treeline | Architecture PNW Off-Grid 2026","Save this for your off-grid timber architecture and glass pod board. The glass forest pod that is elevated above the tree canopy creates an inversion of the typical cabin relationship to its landscape: instead of looking out at the forest, you look across it at the same level. This Douglas fir timber frame glass pod in the Cascades sits on a single massive concrete column positioned at the edge of a basalt cliff, the pod itself cantilevering 18 feet over the void. It is accessed by an open steel bridge from the cliff road. The pod is entirely glass on three sides, with a timber-clad service wall at the rear containing the kitchen and bath. EcoFlow Delta Pro 2 handles power. At the tree canopy level, the mist and the eagles share the same elevation as the glass floor. Save this before it disappears. #TimberFrame #GlassPod #CascadeMountains #OffGridCabin #CanopyLevel #Architecture #EcoFlow","Douglas fir timber frame glass pod cantilevering 18 feet over a basalt cliff void in the Cascades, mounted on a single concrete column, accessed by open steel bridge, all-glass on three sides, timber-clad rear service wall, EcoFlow Delta Pro 2 with green LED inside, mist at canopy level, tree canopy at glass floor level, no people visible.","Hyper-realistic 9:16 vertical photo, Style A Quiet Luxury. Douglas fir timber frame glass pod cantilevering 18 feet dramatically over the edge of a basalt cliff void in the Cascade Mountains, the entire structure mounted on a single massive concrete column with the pod suspended entirely in mid-air over the void, a narrow open steel bridge connecting the pod to the cliff-road level, three glass walls offering unobstructed 270-degree views with the tree canopy at exactly the same elevation as the glass floor, Douglas fir glulam timber frame clearly visible in the roof structure, a timber-clad rear service wall, warm amber interior glow, EcoFlow Delta Pro 2 on the interior floor with green LED indicator, morning mist drifting through the tree canopy at the same level as the pod, No people visible. 8k, cinematic photography style.","Tree canopy. Same elevation as you.","Ready","Day 4 - Wed Sep 2","Slot-1","7:30am"
"41","Future Living & Off-Grid Tech","Ford Bronco Badlands Tent Mode Escalante | Campers RV Utah Desert 2026","Save this for your overland expedition and Campers and RV board. The Ford Bronco Badlands is the most serious off-road trim in the Bronco lineup, with a HOSS 3.0 suspension, front and rear Bilstein position-sensitive dampers, 35-inch all-terrain tyres, and a sway-bar disconnect that gives genuine rock-crawling articulation. The removable roof and doors reduce weight and improve off-road visibility. This Bronco Badlands in Cactus Gray is rigged for a desert expedition: a Yakima SlimShady awning, an Overland Vehicle Systems Nomadic rooftop tent on a Sherpa roof rack, a two-inch lift spacer, and Rigid Industries LED light bar on the front bumper. Parked in a dry canyon wash near Grand Staircase-Escalante National Monument Utah. EcoFlow Delta 2. The canyon walls are pink-orange Navajo sandstone. Save this before it disappears. #FordBronco #CampersAndRV #Escalante #UtahOverland #BroncoLife #DesertExpedition #EcoFlow","Ford Bronco Badlands in Cactus Gray in a dry canyon wash near Grand Staircase-Escalante Utah, Yakima SlimShady awning deployed, OVS Nomadic RTT on Sherpa roof rack, Rigid Industries LED light bar, doors removed, pink-orange Navajo sandstone canyon walls, EcoFlow Delta 2 with green LED, no people visible.","Hyper-realistic 9:16 vertical photo, Style A Quiet Luxury. Ford Bronco Badlands four-door in Cactus Gray with doors removed, Sherpa roof rack system carrying an Overland Vehicle Systems Nomadic rooftop tent in the lowered drive position, a Yakima SlimShady awning fully deployed on the passenger side, a Rigid Industries 40-inch LED light bar on the custom front bumper, 35-inch all-terrain tyres, parked in a dry sandy canyon wash within Grand Staircase-Escalante National Monument in Utah, the towering pink-orange Navajo sandstone canyon walls rising dramatically on both sides of the wash, EcoFlow Delta 2 power station on the canyon sand with green LED indicator, warm desert canyon afternoon light, No people visible. 8k, cinematic photography style.","Doors off. Canyon walls. Escalante.","Ready","Day 4 - Wed Sep 2","Slot-3","11:00am"
"42","Future Living & Off-Grid Tech","Black Steel Pivot Window Floating Sauna Lake | Metal Architecture Watercraft 2026","Save this for your floating architecture and metal sauna design board. The smallest complete building type in off-grid architecture is the sauna: a single room with one function, designed to operate at 80–100 degrees Celsius with no compromise. The floating sauna on a lake in the Boundary Waters takes this further by eliminating the connection to land entirely. This floating sauna on a remote Boundary Waters lake uses a black powder-coated steel hull-frame with phenolic birch panels, a mono-pitch roof in EPDM rubber, and a single massive fixed glass window on the water side that brings the lake and the birch tree horizon inside the heat. The Helo wood-burning kiuas is positioned in the corner with a granite rock stack. An EcoFlow Delta Pro handles supplemental power. The lake is completely private. Save this before it disappears. #FloatingSauna #BlackSteel #WatercraftArchitecture #BoundaryWaters #SaunaDesign #MetalArt #EcoFlow","Black powder-coated steel hull-frame floating sauna on a remote Boundary Waters lake, phenolic birch panel exterior, mono-pitch EPDM rubber roof, single massive fixed glass window on water side showing lake and birch tree horizon, Helo wood-burning kiuas with granite rock stack in corner, EcoFlow Delta Pro inside with green LED, completely private lake, no people visible.","Hyper-realistic 9:16 vertical photo, Style A Quiet Luxury. Floating sauna on HDPE pontoons on a completely private remote lake in the Boundary Waters Canoe Area Wilderness, the exterior structure using a black powder-coated steel frame with phenolic birch panel cladding on the side walls and a flat mono-pitch EPDM rubber roof, the lake-facing elevation dominated by a single massive fixed architectural glass window extending almost the full width and height of the wall, the interior birch wood walls and a Helo wood-burning kiuas with a substantial stack of granite löyly stones in the corner visible through the glass, warm orange interior sauna glow through the glass, EcoFlow Delta Pro on the interior floor with green LED indicator, the still Boundary Waters lake and the birch tree horizon reflected in the glass window, No people visible. 8k, cinematic photography style.","One room. One function. 80 degrees.","Ready","Day 4 - Wed Sep 2","Slot-5","2:00pm"
"43","Smart Pet Wellness","Wolverine Yukon Spruce Forest Dawn | Wilderkind Ferocity Small Frame 2026","Save this for your Wilderkind wildlife and wolverine photography board. The Wolverine is pound for pound the most ferocious animal in North America, capable of driving grizzly bears from a carcass and classified as a mustelid — closer to a weasel than a bear — despite weighing up to 25kg. Its jaw generates sufficient force to bite through frozen moose bone. The thick fur is perfectly adapted to extreme cold, each hair shaft structured to resist frost formation at temperatures below minus-40. In a Yukon spruce forest at dawn in deep winter, this wolverine is trotting across a frozen stream bed, the distinctive pale stripe on each flank and the wide flat head clearly visible. The massive paws leave deep impressions in the snow. Save this before it disappears. #Wilderkind #Wolverine #YukonWildlife #WildlifePhotography #Mustelid #FerocityPortrait #NorthernCanada","Wolverine with thick frost-resistant fur, pale flank stripes, and wide flat head trotting across a frozen Yukon spruce forest stream bed at dawn in deep winter, massive paws leaving deep impressions in snow, from slightly below eye level, predawn blue light, no people visible.","Hyper-realistic 9:16 vertical photo, Style A Quiet Luxury. Wilderkind aesthetic. Wolverine with dense dark brown frost-resistant fur and the breed's characteristic pale cream stripe running along each flank, wide low flat head and enormously powerful compact jaw structure, trotting at a steady aggressive pace across a frozen stream bed in a Yukon spruce forest at pre-dawn in deep winter, the massive broad paws clearly pressing deep impressions into the hard-packed snow with each stride, shot from slightly below eye level looking across the frozen stream, cold pre-dawn blue-grey winter light with the first hint of amber at the horizon, dense Yukon black spruce forest on both banks, No people. 8k, cinematic photography style.","25kg. Drives grizzlies from kills.","Ready","Day 4 - Wed Sep 2","Slot-2","9:30am"
"44","Smart Pet Wellness","German Wirehaired Pointer Appalachian Fall Stream | Adventure Dog 2026","Save this for your adventure dog and pointing breed photography board. The German Wirehaired Pointer is the most all-weather hunting dog ever developed: a breed that can work in rain, cold, upland cover, and open water with equal effectiveness, due to the characteristic wire coat. The coat is harsh, dense, and water-repellent, with a dense undercoat that provides insulation and a thick outer coat that repels briars and debris. The liver-roan coat pattern — a mix of brown and white hairs creating a mottled effect — is the most common GWP colour and one of the most complex coat textures in the sporting breeds. Crossing a shallow rocky stream in the Appalachians in full autumn colour, this GWP is mid-stride, paws submerged in the clear water, the wire coat wet and plastered, the nose extended forward. Save this before it disappears. #GermanWirehairedPointer #AdventureDog #AppalachianTrail #HuntingDog #WireCoat #DogPhotography #AutumnHike","German Wirehaired Pointer in liver-roan wire coat mid-stride crossing a shallow rocky Appalachian stream in full autumn colour, paws submerged in clear water, wire coat wet and plastered, nose extended forward in point posture, brilliant orange and red autumn canopy reflected in the clear stream, no leash or handler visible.","Hyper-realistic 9:16 vertical photo, Style A Quiet Luxury. German Wirehaired Pointer with a dense liver-roan wire coat and characteristic thick eyebrows and beard in mid-stride crossing a shallow, clear rocky stream in the Appalachian Mountains in full peak autumn colour, both front paws fully submerged in the clear cold water, the wire coat completely wet and plastered against the muscular body, the long muzzle extended forward in a pointing posture with nostrils flared, the brilliant orange, red, and gold of the full autumn canopy above reflected in the clear fast-moving stream water below, No leash visible. No people. 8k, cinematic photography style.","Wire coat. Rain, cold, water. Equal.","Ready","Day 4 - Wed Sep 2","Slot-4","12:30pm"
"45","Smart Pet Wellness","Birman Cat Himalayan Mountain Monastery | Indoor Luxury Sacred Breed 2026","Save this for your indoor luxury and sacred breed cat photography board. The Birman is called the Sacred Cat of Burma, based on a legend connecting the breed's colourpoint coat and white-gloved paws to the spiritual transformation of a temple cat in a Burmese monastery. The breed has one unique anatomical feature shared by no other: pure white-gloved paws that stop with absolute precision at the ankle joint, where the colour transitions to seal-point without any blurring or bleeding of the colour boundary. This is called gloving and it is the defining Birman characteristic. A deep-seal-point Birman with perfect white gloving is sitting on a stone altar ledge inside a Himalayan monastery. The ancient stone walls are behind. Butter lamps burn at the altar. Save this before it disappears. #Birman #SacredCat #IndoorLuxury #RareCatBreed #CatPortrait #HimalayanMonastery #ButterLamps","Deep-seal-point Birman cat with perfectly white-gloved paws stopping with absolute precision at the ankle joint sitting on a stone altar ledge inside a Himalayan monastery, ancient stone walls behind, butter lamps burning at the altar, deep seal colourpoints on face ears paws and tail contrasting against warm ivory body, no people visible.","Hyper-realistic 9:16 vertical photo, Style A Quiet Luxury. Deep-seal-point Birman cat with a warm ivory-cream body and dark seal-brown colourpoints on the face, ears, and tail, sitting on a rough ancient stone altar ledge inside a Himalayan Buddhist monastery, the breed's defining white-gloved paws displayed with perfect ankle-level precision where the white glove ends and the seal-brown begins with zero colour bleed or blur, old stone monastery walls behind with ancient carved relief and faded murals, small butter lamp flames burning in rows on the stone altar below creating warm amber candlelight, sacred and still atmosphere, No people visible. 8k, cinematic photography style.","Sacred cat. White gloves. Precise as a vow.","Ready","Day 4 - Wed Sep 2","Slot-6","3:30pm"
"46","Build. Scale. Ship.","Why Your Website Is Your Worst Salesperson | Lumicore Labs 2026","Save this for your small business digital strategy and website performance board. Your website is working for your business 24 hours a day or it is working against it. There is no neutral position. A website that loads slowly, has no clear call to action above the fold, is not mobile-optimised, and has no proof of previous work is not just a missed opportunity — it is actively losing you clients every day who visit, find no reason to trust you, and leave. The specific failure modes are measurable: bounce rates above 70%, average session times under 30 seconds, and zero enquiry form submissions in the past 30 days all signal a website that is not functioning as a sales tool. A professional web rebuild by a studio that understands conversion is not a cost — it is the highest-ROI investment a small business can make. Save this before it disappears. #WebDesign #BuildScaleShip #LumicoreLabs #SmallBusinessWebsite #ConversionOptimisation #FreelanceDev #DigitalStrategy","Dark charcoal infographic: bold white title 'Why Your Website Is Your Worst Salesperson', amber subtitle about 24/7 website effect, red list of specific failure metrics (bounce rate, session time, zero form submissions), teal solution column about professional web rebuild, green ROI statement footer, Lumicore Labs branding.","Hyper-realistic 9:16 vertical editorial infographic, Style B Dynamic Viral. Deep charcoal background (#0d0d1a). Bold white Inter headline: 'Why Your Website Is Your Worst Salesperson'. Amber subtitle: 'There is no neutral position. It sells or it repels.' RED 'FAILURE SIGNALS' section: Bounce rate above 70%, Session time under 30 seconds, Zero enquiry form submissions in 30 days, No social proof or case studies visible above the fold, Mobile experience broken or degraded. TEAL 'WHAT A PROPER REBUILD DOES' section: Clear CTA above the fold, Mobile-first design, Client proof and results front and centre, Fast load time under 2 seconds, Active lead capture with automated follow-up. Green bold footer: 'A professional web rebuild is the highest-ROI investment a small business can make.' Lumicore Labs wordmark. No photography.","24 hours a day. Selling or repelling.","Ready","Day 4 - Wed Sep 2","Slot-7","6:30pm"
"47","Build. Scale. Ship.","Studio Desk App Analytics Dashboard Client Call | Lumicore Workspace 2026","Save this for your software studio and client engagement board. The studio's job does not end at deployment. A professional studio monitors performance, reviews analytics with clients, and identifies optimisation opportunities on an ongoing basis. This studio workspace shows a wide standing desk with two monitors: the left showing a Google Analytics 4 dashboard for a client's booking app — 2,400 monthly active users, 68% returning user rate, average session 4m 12s — with a highlighted insight card showing a 23% conversion improvement since launch. The right monitor shows a Zoom call in progress with the client window minimised (client window is a blurred placeholder — no real person). An EcoFlow Pro is on the floor. The Seattle skyline is through the window. This is what ongoing client success looks like. Save this before it disappears. #BuildScaleShip #SoftwareStudio #LumicoreLabs #AppAnalytics #ClientSuccess #FreelanceDev #DigitalStrategy","Standing desk with two monitors in a Seattle studio: left showing GA4 dashboard for client booking app (2,400 MAU, 68% returning, 4m 12s avg session, 23% conversion improvement insight card), right showing Zoom client call with blurred client window, EcoFlow Pro on floor with green LED, Seattle skyline through window, no person visible at desk.","Hyper-realistic 9:16 vertical photo, Style A Quiet Luxury. Premium software studio wide standing desk with two large monitors, shot from behind the standing desk (no one at the desk): left monitor showing a Google Analytics 4 dashboard for a client booking application with key metrics visible — 2,400 Monthly Active Users, 68% returning user rate, 4m 12s average session duration — and a highlighted insight card showing a 23% conversion rate improvement since app launch with a green upward trend arrow; right monitor showing an active Zoom video call interface with a single client participant window shown as a deliberate soft blur to indicate a real call in progress without showing a face; EcoFlow Pro power station on the studio floor with green LED indicator, Seattle skyline with Mount Rainier partially visible through the floor-to-ceiling studio window, No person visible. 8k, cinematic photography style.","Deployed. Monitored. Improving. Monthly.","Ready","Day 4 - Wed Sep 2","Slot-8","9:00pm"
"48","Build. Scale. Ship.","The Real ROI of Automating Your Client Follow-Up | Lumicore 2026","Save this for your small business automation and client retention board. Most small businesses lose more in client follow-up failures than they spend on their entire marketing budget. The specific failure: a potential client enquires, the business responds once, the client goes quiet, and no one follows up again. The lead dies. An automated client follow-up system costs a fraction of what a single lost client costs. The system is not complicated: an enquiry form submission triggers an automatic email sequence — day one confirmation with your portfolio, day three a specific question about their project, day seven a gentle reminder with a case study. That sequence recovers between 20 and 40 percent of enquiries that would otherwise go cold. Save this before it disappears. #ClientRetention #BuildScaleShip #LumicoreLabs #EmailAutomation #LeadNurturing #FreelanceDev #SmallBusiness","Dark charcoal infographic: bold white title 'The Real ROI of Automating Your Client Follow-Up', amber subtitle about the lead death problem, a 3-step automation sequence shown in teal (Day 1 confirmation, Day 3 project question, Day 7 case study reminder), red stat about leads that die without follow-up, green recovery rate stat (20-40%), Lumicore Labs branding.","Hyper-realistic 9:16 vertical editorial infographic, Style B Dynamic Viral. Deep charcoal background (#1a1a2e). Bold white Inter headline: 'The Real ROI of Automating Your Client Follow-Up'. Amber subtitle: 'Most leads die at the second silence. Automation fixes that.' RED stat block: '80% of sales require 5+ follow-ups. Most businesses stop at 1.' TEAL 3-step automated sequence shown as a vertical flow: Day 1 — Auto-confirm + portfolio link, Day 3 — Personalised project question, Day 7 — Case study + gentle reminder. GREEN recovery stat: 'This sequence recovers 20–40% of cold enquiries with zero manual effort.' Footer: 'Set it up once. Let it work for years.' Lumicore Labs wordmark. No photography.","One setup. Years of follow-up. Zero effort.","Ready","Day 4 - Wed Sep 2","Slot-10","8:30am"
"49","Halloween Home Decor & DIY","Eerie Lit Pumpkin Halloween Kitchen Shelf | Dark Home Decor DIY 2026","Save this for your Halloween kitchen decor and dark autumn shelf styling board. The Halloween kitchen shelf arrangement is an underutilised space for seasonal transformation. This open kitchen shelf in a Portland Oregon Craftsman bungalow replaces the usual ceramic and cookbook arrangement with a Halloween display: three carved mini pumpkins illuminate from within by LED tea lights at the back of the shelf, a row of apothecary jars in amber glass filled with dried herbs — mugwort, rosemary, dried bay leaves, and black salt — in the middle, and a small cast-iron cauldron in the front containing a bundle of dried sage and a single black candle. A strand of black dried rosehips is draped along the shelf edge. It is seasonal. It is also functional. Save this before it disappears. #HalloweenKitchen #HalloweenShelf #HalloweenDIY #ApothecaryJars #DarkKitchen #HalloweenDecor #CraftNightWitch","Open kitchen shelf in Portland Craftsman bungalow: three mini carved pumpkins with LED tea lights at the back, a row of amber apothecary jars with mugwort, rosemary, bay leaves, and black salt in the middle, small cast-iron cauldron with dried sage bundle and black candle in front, black dried rosehip strand draped along shelf edge, warm amber light, no people visible.","Hyper-realistic 9:16 vertical photo, Style A Quiet Luxury. Open kitchen shelf in a Portland Oregon Craftsman bungalow styled for Halloween: back shelf level — three small carved pumpkins illuminated from within by warm LED tea lights creating orange glow through the carved designs; middle shelf level — a row of four amber glass apothecary jars with cork stoppers containing visible layers of dried mugwort, dried rosemary, whole dried bay leaves, and fine black salt; front shelf level — a small vintage cast-iron cauldron containing a tightly bound dried sage bundle and a single black taper candle; a strand of small dried black rosehips draped loosely along the front shelf edge as a garland, the entire arrangement lit by warm amber overhead kitchen lighting, No people visible. 8k, cinematic photography style.","Apothecary shelf. Functional and witchy.","Ready","Day 5 - Thu Sep 3","Slot-9","5:00am"
"50","Halloween Home Decor & DIY","Skeleton Hand Cocktail Station Halloween Party | Dark DIY Bar Decor 2026","Save this for your Halloween party and cocktail station decor board. The Halloween bar cart transformation is one of the most impactful single-station Halloween DIY projects. This bar cart in a Seattle loft apartment uses a black powder-coated bar cart as the base: a resin skeleton hand prop positioned to appear to reach out of an ice bucket, a set of black hammered-copper Moscow Mule mugs arranged beside dark purple grapes, pomegranate halves, and dried blackberries in a dark ceramic bowl. A chalkboard label reading POISON is mounted at the back. Three tall black candles in wrought iron holders illuminate the station. A glass pitcher with blackberry gin and black food-colouring tonic water sits centre. This is Halloween hosting done at a high level. Save this before it disappears. #HalloweenParty #HalloweenBar #HalloweenDIY #CocktailStation #DarkPartyDecor #HalloweenHosting #SpookyCocktails","Halloween bar cart in Seattle loft: black powder-coated cart, resin skeleton hand prop reaching out of ice bucket, black hammered-copper Moscow Mule mugs, dark purple grapes, pomegranate halves, dried blackberries in dark bowl, chalkboard POISON sign, three tall black candles in wrought iron holders, glass pitcher of blackberry gin black tonic cocktail centre, no people visible.","Hyper-realistic 9:16 vertical photo, Style A Quiet Luxury. Halloween cocktail bar cart in a Seattle loft apartment, the cart powder-coated matte black: centrepiece is a realistic resin skeleton hand prop positioned to appear to reach dramatically out from within a black cast iron ice bucket, flanked by two rows of black hammered-copper Moscow Mule mugs, a dark ceramic flat bowl filled with deep purple grapes, split pomegranate halves showing vivid red seeds, and dried blackberries, a hand-lettered chalkboard sign reading 'POISON' in white chalk mounted on the back frame, three tall black beeswax taper candles in wrought-iron holders at different heights providing warm amber illumination, a clear glass pitcher filled with a deep black-purple blackberry gin and activated charcoal tonic cocktail positioned at the centre front of the cart, No people visible. 8k, cinematic photography style.","Skeleton hand. POISON sign. High-level hosting.","Ready","Day 5 - Thu Sep 3","Slot-11","4:00pm"
"51","Halloween Home Decor & DIY","Moody Halloween Living Room Black Orange Candle | Dark Luxury Interior 2026","Save this for your Halloween living room and dark interior decor board. The Halloween living room that works for the whole month of October needs only three things: candles, dark textiles, and a specific palette. The palette that works is not orange-and-black as primary colours — that looks seasonal in the wrong way. The palette that works is deep terracotta, dried blood, aged gold, and near-black: all warm dark colours that feel seasonal without signalling Halloween too loudly. This living room in a Nashville Tennessee brick bungalow uses a deep terracotta velvet sofa with a near-black velvet throw, a brass-and-glass coffee table with seven lit candles of varying heights, a gallery wall of dark antique botanical prints in matching black frames, and a single massive pumpkin in aged gold on the hearth. The fireplace is lit with birchwood. Save this before it disappears. #HalloweenLivingRoom #DarkInterior #LuxuryHalloween #HalloweenDecor #TerracottaAesthetic #AutumnInterior #HalloweenDIY","Nashville brick bungalow living room with deep terracotta velvet sofa, near-black velvet throw, brass-and-glass coffee table with seven lit candles at varying heights, dark antique botanical print gallery wall in black frames, single massive aged-gold pumpkin on hearth, lit birchwood fire, warm amber candlelight throughout, no people visible.","Hyper-realistic 9:16 vertical photo, Style A Quiet Luxury. Nashville Tennessee brick bungalow living room styled for Halloween in a sophisticated dark palette: a deep terracotta velvet sofa with a near-black velvet throw draped over one arm, a brass-and-glass rectangular coffee table surface covered with seven lit pillar and taper candles of varying heights and widths creating warm amber light pools, a gallery wall of dark antique botanical print illustrations in matching matte black frames arranged in a grid pattern, a single massive pumpkin in an aged gold colour positioned on the brick hearth, a real birchwood fire burning in the fireplace with white-black bark glowing, all lit by the combined warm amber light of candles and fireplace, no orange decoration, no plastic, no novelty items, No people visible. 8k, cinematic photography style.","Dark terracotta. Dried blood. Aged gold. October.","Ready","Day 5 - Thu Sep 3","Slot-12","10:00pm"
"52","Future Living & Off-Grid Tech","Corten Steel Solar Array Off-Grid Ranch | Metal Art Architecture Southwest 2026","Save this for your off-grid solar architecture and Corten steel design board. The integration of a large ground-mounted solar array into an off-grid ranch aesthetic requires treating the solar infrastructure as an architectural element rather than a utility afterthought. This off-grid ranch in the Texas Hill Country uses a 14-panel ground-mounted solar array on a Corten steel racking system — the natural rust patina of the rack structure matches the Corten steel cladding of the main ranch building, making the solar array a visual continuation of the architecture rather than an industrial intrusion. The EcoFlow Delta Pro 3 quad stack is housed in a separate Corten steel equipment enclosure. The main ranch building is low and horizontal, clad in Corten panel. Live oaks surround the site. Save this before it disappears. #CortenSteel #MetalArt #SolarArchitecture #TexasHillCountry #OffGridRanch #SustainableDesign #EcoFlow","Off-grid ranch in Texas Hill Country: 14-panel ground-mounted solar array on Corten steel racking matching the Corten-clad main ranch building aesthetically, EcoFlow Delta Pro 3 quad stack in a separate Corten steel equipment enclosure, low horizontal ranch building in Corten panel, live oaks surrounding, late afternoon Texas Hill Country light, no people visible.","Hyper-realistic 9:16 vertical photo, Style A Quiet Luxury. Off-grid ranch complex in the Texas Hill Country at late afternoon, a low, horizontal ranch building clad entirely in 4mm Corten steel panels with a deep amber-rust patina, a 14-panel ground-mounted photovoltaic solar array mounted on a custom Corten steel racking structure positioned to the south of the building, the natural rust patina of the solar racking precisely matching the Corten steel of the main building creating an architectural visual unity between the building and its energy infrastructure, a separate small Corten steel equipment enclosure housing the EcoFlow Delta Pro 3 quad stack power station with green LED indicators visible through a ventilation grille, mature live oak trees with gnarled trunks surrounding the compound, warm Texas Hill Country afternoon light, No people visible. 8k, cinematic photography style.","Solar rack. Corten patina. Same material.","Ready","Day 5 - Thu Sep 3","Slot-1","7:30am"
"53","Future Living & Off-Grid Tech","Land Cruiser 200 Series Troopy Camper | Campers RV Queensland Australia 2026","Save this for your overland expedition and Campers and RV board. The Toyota Land Cruiser 200 Series Troop Carrier — the Troopy — is the most-loved expedition camper platform in the Australian outback. It carries up to eleven occupants in stock configuration, but overland adventurers strip the rear to a flat floor and build a custom camper conversion: a fixed high-roof pop-up, two-metre pull-out bed, a Webasto diesel heater, a National Luna 95L fridge, and a 60-litre water tank. This Troopy in Sahara Gold is set up in the Gibb River Road in the Kimberley, Western Australia. An Alu-Cab shadow awning is deployed on both driver and passenger sides. EcoFlow Delta Pro 2 runs the interior. The jump creek gorge sandstone is red behind. Save this before it disappears. #LandCruiser200 #Troopy #CampersAndRV #GibbRiverRoad #AustralianOverland #TroopCarrier #EcoFlow","Toyota Land Cruiser 200 Series Troop Carrier in Sahara Gold on the Gibb River Road Kimberley Western Australia, custom camper conversion with fixed high-roof pop-up, Alu-Cab awnings on both sides deployed, red Jump Creek gorge sandstone behind, EcoFlow Delta Pro 2 inside with green LED, dusty Kimberley light, no people visible.","Hyper-realistic 9:16 vertical photo, Style A Quiet Luxury. Toyota Land Cruiser 200 Series Troop Carrier in Sahara Gold fitted with a custom fixed high-roof pop-up camper conversion, Alu-Cab 270-degree shadow awnings deployed on both the driver and passenger sides creating a full camp shade structure, parked on the red dirt of the Gibb River Road in the Kimberley region of Western Australia, the vivid red-orange Jump Creek sandstone gorge walls rising dramatically behind the vehicle, a solar panel visible on the roof between the awnings, EcoFlow Delta Pro 2 inside the camper conversion with green LED indicator visible through the small pop-up window, the characteristic ochre red dirt of the Gibb River Road and the intensely blue Kimberley sky, harsh direct Kimberley dry season light, No people visible. 8k, cinematic photography style.","Troopy. Gibb River Road. Both awnings deployed.","Ready","Day 5 - Thu Sep 3","Slot-3","11:00am"
"54","Future Living & Off-Grid Tech","Mirror Pond Glass Cabin Floating Platform | Watercraft Architecture Canada 2026","Save this for your floating architecture and mirror pond glass cabin board. The floating glass platform on a remote Canadian lake exists at the intersection of three high-affinity interests: watercraft, glass architecture, and off-grid living. This platform on a private lake in the Muskoka region of Ontario uses a concrete-and-steel pontoon hull with a hardwood Ipe deck and a single-volume glass-and-steel cabin at the centre. The cabin is minimal: a sleeping platform, a wood stove, a kitchenette, and an EcoFlow Delta Pro 2. No boat to get here — only a short swim from a dock hidden by birch trees on the far shore. On an August morning, the Muskoka lake is perfectly still. The platform's reflection is indistinguishable from the platform itself. Save this before it disappears. #FloatingPlatform #WatercraftArchitecture #MuskokaCottage #GlassCabin #CanadianLake #OffGridLiving #EcoFlow","Glass and steel floating platform cabin on a mirror-still private Muskoka Ontario lake, concrete-steel pontoon hull with Ipe hardwood deck, single-volume glass-steel cabin with sleeping platform, wood stove, EcoFlow Delta Pro 2 with green LED, platform reflection indistinguishable from the structure itself, birch trees on far shore, no people visible.","Hyper-realistic 9:16 vertical photo, Style A Quiet Luxury. Single-volume glass-and-black-steel floating platform cabin on a perfectly still private lake in the Muskoka region of Ontario on an August morning, a concrete-and-steel pontoon hull with an Ipe hardwood deck surface, the minimal glass cabin at the centre with a wood stove chimney, warm amber morning interior glow through the glass walls, EcoFlow Delta Pro 2 on the interior floor with green LED indicator visible through the glass, the mirror-still August lake surface creating a reflection of the platform that is so sharp and complete that it is visually indistinguishable from the structure above, a hidden dock obscured by white birch trees on the far shore, Muskoka morning light, No people visible. 8k, cinematic photography style.","Reflection indistinguishable. Muskoka August.","Ready","Day 5 - Thu Sep 3","Slot-5","2:00pm"
"55","Smart Pet Wellness","Arctic Wolf Hudson Bay Winter Tundra | Wilderkind Pack Hunter 2026","Save this for your Wilderkind wildlife and Arctic wolf photography board. The Arctic Wolf is the only wolf subspecies that is entirely white, a genetic adaptation for camouflage in the polar environment that also gives it a visual presence unlike any other wolf. It is smaller than the grey wolf, with a more compact body that loses less heat, shorter ears to reduce frostbite risk, and a denser, thicker coat with a layer of guard hairs that can reach 5cm in length. On the open winter tundra of the Hudson Bay lowlands in Churchill Manitoba, this large male Arctic Wolf is standing with its head raised and nose up, reading the wind. The white coat is pristine against the blue-shadow snow. The pale yellow eyes are scanning the horizon. Save this before it disappears. #Wilderkind #ArcticWolf #HudsonBay #WildlifePhotography #WhiteWolf #WinterTundra #WolfPortrait","Large male Arctic Wolf with pristine white coat and dense 5cm guard hairs standing on open Hudson Bay lowland winter tundra in Churchill Manitoba, head raised and nose up reading the wind, pale yellow eyes scanning the horizon, blue-shadow snow background, pale cold winter light, from ground level, no people visible.","Hyper-realistic 9:16 vertical photo, Style A Quiet Luxury. Wilderkind aesthetic. Large male Arctic Wolf with an entirely pristine white double coat and dense 5cm-length guard hairs on the scruff and shoulders, standing with head raised high and nose tilted up to read the wind on the open, flat, snow-covered winter tundra of the Hudson Bay lowlands near Churchill Manitoba, the compact body and shorter ears characteristic of the Arctic subspecies visible, pale amber-yellow eyes scanning the horizon with focused alertness, the white coat completely pristine against the blue-shadow patterns in the hard-packed tundra snow, shot from ground level looking slightly upward at the wolf, flat cold arctic winter light, No people. 8k, cinematic photography style.","The only white wolf. Churchill, Manitoba.","Ready","Day 5 - Thu Sep 3","Slot-2","9:30am"
"56","Smart Pet Wellness","Catahoula Leopard Dog Louisiana Bayou Cypress | Adventure Dog 2026","Save this for your adventure dog and rare working breed photography board. The Catahoula Leopard Dog is the only breed that originates in Louisiana, named for the Catahoula Parish and developed from the dogs of Native American tribes crossed with Spanish war dogs brought to the region in the 16th century. The coat pattern is unique in the domestic dog world: merle-on-merle, blue-merle, red-merle, and brindle combinations can all occur within the same litter, and the eyes can be glass-blue, brown, or heterochromatic in any combination. They are used to herd feral hogs by encircling them — no other breed does this. In the Louisiana bayou among ancient bald cypress trees draped in Spanish moss, this blue-merle Catahoula with one glass-blue eye and one brown eye is standing alert at the cypress root edge. Save this before it disappears. #CatahoulaLeopardDog #AdventureDog #LouisianaBayou #LouisianaDog #MerleDog #HeterochromaticEyes #DogPhotography","Blue-merle Catahoula Leopard Dog with one glass-blue eye and one brown eye standing alert at the cypress root edge in a Louisiana bayou among ancient bald cypress trees draped in Spanish moss, merle coat pattern visible, bayou water behind, Spanish moss, humid bayou light, no leash or handler visible.","Hyper-realistic 9:16 vertical photo, Style A Quiet Luxury. Blue-merle Catahoula Leopard Dog with a complex blue-grey merle coat pattern standing in a tense, alert posture at the gnarled root edge of an ancient bald cypress tree in a Louisiana bayou, the breed's remarkable heterochromatic eyes clearly visible: one vivid glass-blue eye and one dark brown eye, masses of grey-green Spanish moss draping from the ancient cypress branches above and behind, the dark, tannin-stained bayou water visible behind through the cypress knees, humid, atmospheric, diffused bayou mid-morning light filtering through the moss canopy, No leash visible. No people. 8k, cinematic photography style.","One blue eye. One brown. Hogs respect it.","Ready","Day 5 - Thu Sep 3","Slot-4","12:30pm"
"57","Smart Pet Wellness","Abyssinian Cat Desert Adobe Courtyard | Indoor Luxury Ticked Coat 2026","Save this for your indoor luxury cat photography and Southwestern architecture board. The Abyssinian is the most ancient-looking domestic cat in terms of body type: slender, highly arched, with enormously large ears, an elongated neck, and a ticked coat that resembles the coat of a wild rabbit or puma more than any other domestic cat. The ticked pattern means each individual hair has alternating bands of colour — the Abyssinian has 4–8 bands per hair, creating a coat that appears shaded and three-dimensional in any light. The ruddy colour phase is the most common and the most striking: a warm burnt-orange base ticked with deep brown bands. This ruddy Abyssinian is sitting on a low terracotta adobe courtyard wall in Santa Fe New Mexico, the sun directly overhead, the ticked coat catching the harsh desert light in every direction simultaneously. Save this before it disappears. #AbyssinianCat #IndoorLuxury #RareCatBreed #TickedCoat #CatPortrait #SantaFeDesert #AdobeCourtyard","Ruddy Abyssinian cat with 4-8 band ticked coat of warm burnt-orange with deep brown ticking sitting on a low terracotta adobe courtyard wall in Santa Fe New Mexico at harsh midday desert light, ticked coat catching light in every direction simultaneously, enormous ears, elongated neck, no people visible.","Hyper-realistic 9:16 vertical photo, Style A Quiet Luxury. Ruddy Abyssinian cat with an extremely slender, arched body, enormous large ears, elongated neck, and the breed's defining ticked coat — each hair banded 4 to 8 times in alternating warm burnt-orange and deep chocolate-brown, creating a shaded three-dimensional surface — sitting in an upright, alert posture on the top of a low terracotta-adobe courtyard wall in Santa Fe New Mexico at harsh midday overhead desert sun, the ticked coat catching direct sunlight from above and simultaneously reflecting indirect light from the warm adobe below, creating an extraordinary three-dimensional shimmer in every direction, turquoise door and pale adobe walls visible behind, clear blue New Mexico desert sky, No people visible. 8k, cinematic photography style.","4-8 bands per hair. Desert light multiplier.","Ready","Day 5 - Thu Sep 3","Slot-6","3:30pm"
"58","Build. Scale. Ship.","What a Custom Mobile App Actually Costs (And What It Returns) | Lumicore 2026","Save this for your startup investment and custom software ROI board. The most common mistake founders make about custom mobile app development is comparing the build cost to zero rather than comparing it to the cost of not having it. A custom mobile app for a service business does three things that no off-the-shelf solution can do simultaneously: it uses your brand, it fits your exact workflow, and it integrates with your existing systems without middleware costs. The cost of a professionally built custom app for an SME starts from 8,000 dollars for a single-function booking or service app and scales to 25,000 dollars for a full-featured business platform. The returns are measurable: reduced admin time, increased booking conversion, and the ability to scale without adding staff. Save this before it disappears. #CustomMobileApp #BuildScaleShip #LumicoreLabs #AppDevelopment #SaaSFounder #StartupROI #FreelanceDev","Dark charcoal infographic: bold white title 'What a Custom Mobile App Actually Costs (And What It Returns)', amber cost range breakdown ($8k-$25k with scope tiers), teal returns column (reduced admin, booking conversion lift, scalability), green ROI statement, red warning about comparing to zero, Lumicore Labs branding.","Hyper-realistic 9:16 vertical editorial infographic, Style B Dynamic Viral. Deep charcoal background (#0d0d1a). Bold white Inter headline: 'What a Custom Mobile App Actually Costs (And What It Returns)'. Amber subtitle: 'Stop comparing the cost to zero. Compare it to the cost of not having it.' AMBER cost tiers section: $8,000–$12,000 — Single-function booking or service app; $12,000–$18,000 — Multi-function business app with dashboard; $18,000–$25,000+ — Full business platform with integrations. TEAL returns section: Admin time reduction 60–80%, Booking conversion lift 25–40%, Scale without adding staff, Brand-native client experience, Custom integrations no SaaS matches. RED warning: 'Off-the-shelf costs less upfront and more every month — forever.' Green bold footer: 'The right app pays for itself within 6 months for most service businesses.' Lumicore Labs wordmark. No photography.","$8k to $25k. Pays back in 6 months.","Ready","Day 5 - Thu Sep 3","Slot-7","6:30pm"
"59","Build. Scale. Ship.","Studio Desk App Launch Confetti Stripe Dashboard | Lumicore Workspace 2026","Save this for your software studio and product launch board. A product launch is the studio's most satisfying deliverable: the moment a custom-built product goes live for a real client and the first real users start flowing in. This studio desk in a San Francisco co-working studio shows two monitors: the left showing the client's new booking app live in the App Store with a five-star initial review visible, and the Stripe dashboard showing the first 14 transactions from real users in the first 90 minutes of launch. The right monitor shows the Linear board with all sprint cards in 'Done' and a team comment reading 'shipped'. A printed paper shows the launch checklist — all items checked. EcoFlow Pro is on the floor. The moment of delivery is the most important moment in a studio engagement. Save this before it disappears. #BuildScaleShip #AppLaunch #LumicoreLabs #ShipIt #StripePayments #FreelanceDev #ClientDelivery","San Francisco co-working studio desk with two monitors: left showing client booking app live on App Store with five-star initial review and Stripe dashboard with 14 first transactions in 90 minutes; right showing Linear board with all cards in Done and 'shipped' comment; printed launch checklist fully checked on desk; EcoFlow Pro on floor with green LED; no person visible.","Hyper-realistic 9:16 vertical photo, Style A Quiet Luxury. Premium San Francisco co-working studio desk with two large monitors, no person at desk: left monitor split-screen showing an App Store product page for a client's booking app with a visible 5-star initial review in the reviews section, and below it a Stripe dashboard showing 14 completed transactions in the first 90 minutes since launch with a green 'Payments enabled' banner; right monitor showing a Linear project board with all sprint cards in the 'Done' column coloured green, a team comment card visible reading 'shipped' with a green checkmark; a printed A4 launch checklist on the desk with every checkbox ticked in red pen; EcoFlow Pro on the studio floor with green LED indicator; San Francisco Bay visible through a large window in afternoon light; No person visible. 8k, cinematic photography style.","All cards Done. Shipped. 14 transactions. 90 minutes.","Ready","Day 5 - Thu Sep 3","Slot-8","9:00pm"
"60","Build. Scale. Ship.","How to Brief a Dev Team Without Wasting 3 Months | Lumicore 2026","Save this for your startup founder and software project management board. Most software projects that fail do not fail because of bad developers. They fail because of a bad brief. A bad brief is any brief that describes what the client wants built without describing who will use it, what problem it solves, what success looks like, and what the constraints are. A professional dev team given a bad brief will build what was described. A professional team given a good brief will build what was needed. The difference costs months and tens of thousands of dollars. A proper project brief includes five things: a problem statement, a user persona, a feature list ranked by priority, a technical constraint list, and a measurable definition of success. Everything else is negotiable. Save this before it disappears. #SoftwareBrief #BuildScaleShip #LumicoreLabs #StartupAdvice #ProductManagement #FreelanceDev #SaaSFounder","Dark charcoal infographic: bold white title 'How to Brief a Dev Team Without Wasting 3 Months', amber subtitle about the bad brief problem, red 'What a bad brief looks like' column, teal '5 elements of a proper brief' vertical list (problem statement, user persona, prioritised feature list, technical constraints, measurable success definition), green footer stat, Lumicore Labs branding.","Hyper-realistic 9:16 vertical editorial infographic, Style B Dynamic Viral. Deep charcoal background (#1a1a2e). Bold white Inter headline: 'How to Brief a Dev Team Without Wasting 3 Months'. Amber subtitle: 'Bad briefs do not fail at the dev stage. They fail at the brief stage.' RED section 'What a Bad Brief Looks Like': Describes what to build, not why; No user defined; Feature list with no priorities; No technical constraints listed; Success undefined. TEAL section '5 Elements of a Proper Brief': 1. Problem Statement — who has it and how bad is it; 2. User Persona — who uses this and what do they need; 3. Prioritised Feature List — must-have vs nice-to-have; 4. Technical Constraints — integrations, platforms, budget; 5. Definition of Success — specific measurable outcome. Green footer: 'A great brief cuts development time by 30–50% and eliminates scope creep.' Lumicore Labs wordmark. No photography.","5 elements. One brief. No wasted months.","Ready","Day 5 - Thu Sep 3","Slot-10","8:30am"
