"Post #","Board","Title","Description","Alt Text","AI Prompt","In-App Text Hook","Status","Posting Day","Slot","SL Post Time"
"1","Future Living & Off-Grid Tech","Toyota Hilux Arctic Overlander Rooftop Tent | Campers RV Expedition 2026","Save this for your expedition overland and Campers and RV board. The Toyota Hilux is the most dependable expedition vehicle ever built. A body-on-frame platform with a low-range transfer case, a mechanical fuel pump, and a reputation for running on three cylinders through a Siberian winter if that is what is required. This Arctic-spec Hilux double-cab is set up as a serious cold-weather expedition overland build. The bed carries a hard-shell expedition canopy in white powder-coat with an ARB rooftop tent deployed above. A Dometic CFX3 55L compressor fridge is mounted on the swing-out rear door carrier. EcoFlow Delta Pro 2 in the bed provides 4kWh of base power. The scene is Hatcher Pass, Alaska, in early October — the first snow dusting the summit ridgelines, the birch scrub gone gold below, and the Hilux parked on the gravel access road above the cloud line. Save this before it disappears from your feed. #ToyotaHilux #OverlandExpedition #CampersAndRV #ArcticOverland #ExpeditionVehicle #RooftopTent #EcoFlow","Toyota Hilux double-cab with white powder-coat hard-shell expedition canopy and ARB rooftop tent deployed, parked at Hatcher Pass Alaska above the cloud line in early October, first snow dusting the summit ridgelines, gold birch scrub below the cloud line, EcoFlow Delta Pro 2 visible in the bed with green LED, Dometic fridge on rear swing-out carrier, no people visible.","Hyper-realistic 9:16 vertical photo, Style A Quiet Luxury. Toyota Hilux double-cab in expedition white with white powder-coat hard-shell Alu-Cab type expedition canopy and ARB Simpson III rooftop tent fully deployed above the cab, parked on the Hatcher Pass Alaska gravel access road above the cloud inversion line in early October, first snow dusting the jagged Talkeetna Range summit ridgelines above, birch scrub in full gold autumn colour below the cloud line, EcoFlow Delta Pro 2 mounted in the bed with green LED indicator visible through the open canopy door, Dometic CFX3 55L fridge on rear door swing-out carrier, no roads or infrastructure visible beyond the vehicle, dramatic Alaska mountain light, No people visible. 8k, cinematic photography style.","Built for the worst. Anywhere.","Ready","Day 1 - Thu Jul 31","Slot-1","7:30am"
"2","Smart Pet Wellness","Caracal Desert Rock Outcrop Dusk | Wilderkind Tufted Predator Portrait 2026","Save this for your Wilderkind wildlife and rare predator board. The Caracal is the most aerodynamically perfect ambush predator in the African savanna. A body of pure compressed muscle, a coat of unbroken warm rufous-gold, and those ears. Those black-tufted ears, the longest ear tufts of any African cat, rising 7 centimeters above the skull and providing a directional hearing system so precise that the Caracal can track the wing-beat frequency of a bird in flight and intercept it mid-air. On a Namibian granite koppie at dusk, the warm rufous coat catches the amber-rose final light and turns the animal into a living piece of the landscape. The ear tufts are the last thing to lose definition as the light drops. Pale amber eyes. Low angle. Direct gaze. Save this before it disappears from your feed. #Wilderkind #Caracal #AfricanWildcat #NamibiaWildlife #WildlifePhotography #TuftedPredator #DesertCat","Caracal with unbroken warm rufous-gold coat and distinctive long black-tufted ears standing on a Namibian granite koppie boulder at dusk, the rufous coat catching the amber-rose final light, long black ear tufts clearly defined against the amber sky, pale amber eyes with direct camera gaze, low angle from slightly below eye level, Namib desert landscape in background at dusk, no people visible.","Hyper-realistic 9:16 vertical photo, Style A Quiet Luxury. Wilderkind aesthetic. Caracal with immaculate unbroken warm rufous-gold short coat in perfect alert standing pose on a Namibian granite koppie boulder at dusk, the warm rufous coat catching the amber-rose final directional light and appearing luminous, distinctive long black ear tufts extending 7cm above the skull clearly defined against the warm amber-rose dusk sky, pale amber eyes with round pupils making direct unblinking camera contact, low angle shot from slightly below eye level looking up at the predator on the boulder, Namib desert landscape with distant red sand dunes in soft focus behind, warm amber-rose dusk light from the west, No people. 8k, cinematic photography style.","The ears intercept birds mid-flight.","Ready","Day 1 - Thu Jul 31","Slot-2","9:30am"
"3","Future Living & Off-Grid Tech","Luxury Fifth Wheel Toy Hauler Glass Rear | Campers RV Mountain Setup 2026","Save this for your luxury Campers and RV and toy hauler board. The fifth wheel toy hauler is the most misunderstood format in the RV world. Most people see the category and think of a cargo door in the back and a garage floor made for dirt bikes. What serious builders have discovered is that the toy hauler configuration, specifically that full-width rear garage door that opens to a covered patio, is the single best outdoor living integration in any RV format. This luxury fifth wheel toy hauler is parked at an aspen grove clearing in the Colorado Rockies at peak autumn. The rear garage door is fully lowered to a patio position. The custom interior build uses white oak cabinetry, a waterfall edge quartz kitchen island, and a flush floor between the lounge and the patio. EcoFlow Pro triple stack handles the power system. The aspen grove beyond the patio is a solid wall of gold. Save this before it disappears from your feed. #FifthWheel #ToyHauler #CampersAndRV #LuxuryRV #ColoradoRockies #AspenGrove #EcoFlow","Luxury fifth wheel toy hauler parked in a Colorado Rockies aspen grove clearing at peak autumn, rear garage door fully lowered to patio position, white oak cabinetry and quartz kitchen island visible through the open rear, EcoFlow Pro triple stack on the interior floor with green LED, aspen grove in full gold autumn colour beyond the patio, no people visible.","Hyper-realistic 9:16 vertical photo, Style A Quiet Luxury. Luxury fifth wheel toy hauler with premium exterior paint and large window package parked in a circular aspen grove clearing in the Colorado Rocky Mountains at peak golden autumn, rear full-width toy hauler garage door completely lowered to a patio deck position, the interior visible through the open rear showing white oak flat-panel cabinetry, a waterfall-edge white quartz kitchen island, large windows, EcoFlow Pro triple stack system on the interior floor with green LED indicator, the aspen grove behind the open patio fully lit in 100% golden autumn colour, warm afternoon Colorado light, No people visible. 8k, cinematic photography style.","The garage door becomes a patio.","Ready","Day 1 - Thu Jul 31","Slot-3","11:00am"
"4","Smart Pet Wellness","Samoyed Denali Alpine Snowfield | Adventure Dog Arctic Portrait 2026","Save this for your adventure dog and arctic breed photography board. The Samoyed is a breed that has spent 3,000 years pulling sleds across the Siberian tundra for the Samoyede people, and it shows in every aspect of its physiology. The double-layered white coat is rated to -60 degrees Celsius. The slightly upturned corners of the mouth create the expression known as the Samoyed smile, a feature that prevents drooling and thus prevents the saliva from freezing onto the face in arctic temperatures. On a Denali National Park alpine snowfield at first light, this Samoyed is the only warm object in a landscape that is otherwise entirely composed of blue-white snow, grey granite, and the pale pink of the alpenglow on the Alaska Range summits. The smile. The black eye rims. The plush white coat against the blue-white snow. Save this before it disappears. #Samoyed #AdventureDog #Denali #ArcticDog #AlaskaDog #DogPhotography #WinterDog","Samoyed with full double-layer white arctic coat and characteristic upturned Samoyed smile in alert standing pose on a Denali National Park alpine snowfield at first light alpenglow, the plush white coat against the blue-white snow, black eye rims prominent, pale pink alpenglow on Alaska Range summits behind, no leash or handler visible.","Hyper-realistic 9:16 vertical photo, Style A Quiet Luxury. Samoyed with full ultra-dense double-layer white arctic coat in perfect alert standing pose on a Denali National Park alpine snowfield at first light, the characteristic Samoyed smile visible with upturned mouth corners and black eye rims creating strong contrast against the pure white coat, the plush white coat against the blue-white snowfield creating a near-camouflage white-on-white effect, pale rose-pink alpenglow from the east catching the Alaska Range granite summits behind, blue-white snowfield in the foreground, overcast blue-white alpine light, No leash visible. No people. 8k, cinematic photography style.","Smile rated to -60 degrees.","Ready","Day 1 - Thu Jul 31","Slot-4","12:30pm"
"5","Future Living & Off-Grid Tech","Corten Steel Cliff Pavilion Columbia River Gorge | Off-Grid Architecture 2026","Save this for your industrial steel and off-grid cliff architecture board. Weathering steel, marketed as Corten, does something that no painted or coated metal surface can do. It oxidises deliberately and in doing so creates its own protective layer, a patina of rust so dense and self-sealing that underneath the orange-amber surface the steel is perfectly intact and strengthening with every passing season. A Corten steel cliff pavilion is not a building that ages. It is a building that finishes itself over time. This pavilion hangs at the basalt rim of the Columbia River Gorge, cantilevered 14 feet over the Gorge edge on two Corten steel box section primary beams, the weathered orange exterior integrating with the basalt cliff face below it. The interior is a single glass-walled room with a raw concrete floor and an amber warm-light LED strip at the base. EcoFlow on the floor. The Gorge below. Save this before it disappears from your feed. #CortenSteel #MetalArt #CliffPavilion #ColumbiaRiverGorge #OffGridArchitecture #WeatheringSteel #EcoFlow","Corten steel cliff pavilion cantilevered 14 feet over the Columbia River Gorge basalt rim edge on two weathering steel box section beams, orange-amber Corten patina integrating with the basalt cliff face below, glass-walled single interior room with raw concrete floor and amber LED base strip, EcoFlow on interior floor with green LED, Columbia River Gorge basalt canyon and river visible below, no people visible.","Hyper-realistic 9:16 vertical photo, Style A Quiet Luxury. Corten weathering steel cliff pavilion in rich orange-amber patina cantilevered 14 feet over the Columbia River Gorge basalt rim on two massive Corten steel box section primary beams, the weathered orange exterior patina precisely matching the iron oxidation colour of the basalt cliff face below creating a seamless material integration, glass-walled single room with raw concrete interior floor and warm amber LED base strip barely visible, EcoFlow Delta Pro on interior floor with green LED indicator, Columbia River Gorge massive basalt column canyon walls and river visible far below, harsh Columbia Gorge midday light, No people visible. 8k, cinematic photography style.","It oxidises. Then it protects.","Ready","Day 1 - Thu Jul 31","Slot-5","2:00pm"
"6","Smart Pet Wellness","Norwegian Forest Cat Glass Boathouse Moonlight | Indoor Luxury Portrait 2026","Save this for your rare breed and indoor luxury cat photography board. The Norwegian Forest Cat is the natural answer to 2,000 years of Scandinavian winters. A cat that evolved without any selective breeding pressure from humans, developing its own adaptation: a double coat of extraordinary complexity, a water-resistant guard layer over a dense woolly undercoat, ear tufts, toe tufts, and a tail so thick and densely furred that it wraps around the entire body as a sleeping bag. This tabby-point Norwegian Forest Cat is lying on a cedar beam windowseat inside a glass-walled PNW boathouse, watching moonlight move on the still inlet water outside. The moonlight reflects in the still water below and then reflects again off the glass panels above, creating a complex silver light that plays across the dense tabby-point coat. Green-gold eyes, half-closed. Save this before it disappears. #NorwegianForestCat #IndoorLuxury #RareCatBreed #PNWBoathouse #CatPortrait #LuxuryPetLife #MoonlightCat","Norwegian Forest Cat with dense tabby-point double coat lying on a cedar beam windowseat inside a glass-walled PNW boathouse at moonlight, moonlight reflecting off the still inlet water below and off the glass panels above creating complex silver light on the tabby-point coat, green-gold half-closed eyes, no people visible.","Hyper-realistic 9:16 vertical photo, Style A Quiet Luxury. Norwegian Forest Cat with full dense tabby-point double coat lying with supreme ease on a broad cedar beam windowseat inside a glass-walled Pacific Northwest boathouse at full moonlight, the moonlight entering from the still inlet water below as a silver reflection and bouncing again off the glass panels above creating a complex multi-directional silver light that plays across the dense tabby-point coat pattern, visible ear tufts and toe tufts and thick fluffy tail, green-gold eyes half-closed in calm contentment, still inlet water visible through the glass below, old-growth forest shoreline in the background, warm cedar interior with amber base lighting barely visible, No people. 8k, cinematic photography style.","2,000 years of winter. Built for it.","Ready","Day 1 - Thu Jul 31","Slot-6","3:30pm"
"7","Build. Scale. Ship. — Software Studio","Property Management Dashboard for Landlords | Build. Scale. Ship. Studio 2026","Save this for your property business and landlord management software board. A landlord managing 12 properties across a combination of WhatsApp messages from tenants, a spreadsheet tracking rent payment dates, and a separate folder of PDF tenancy agreements is not managing a property portfolio. They are managing a time-consuming administrative burden that grows more fragile with every additional unit added. A custom property management platform changes this completely: a unified tenant dashboard showing all active tenancies, rent payment status updated in real time, maintenance request logging with status tracking and contractor assignment, and automated rent reminder messages sent 5 days and 1 day before the due date. When a tenant messages to report a leak, the report goes into the system, a contractor is notified, and the landlord sees the status update without being in the conversation at all. Save this for your property business board. #PropertyManagement #LandlordSoftware #BuildScaleShip #PropertyTech #RentalManagement #CustomSoftware #RealEstateTech","Minimal studio desk with laptop and two monitors showing a custom property management platform, main monitor displays landlord dashboard with 12 property tiles showing tenant name, rent status (paid/due/overdue) and maintenance request count, automated rent reminder pipeline, secondary monitor shows maintenance request log with contractor assignment status and priority flags, dark navy and amber UI palette, glass loft interior with city view behind, EcoFlow on floor with green LED, no person visible.","Hyper-realistic 9:16 vertical photo, Style A Quiet Luxury. Minimal studio desk with laptop and two large monitors showing a custom property portfolio management platform: main monitor displays property dashboard with 12 property tiles each showing tenant name, monthly rent amount, payment status badge (green Paid / amber Due / red Overdue) and open maintenance request count, automated rent reminder SMS pipeline showing sent/pending status, secondary monitor shows maintenance request log with request description, contractor name assigned, status badge (Open/In Progress/Resolved) and priority flag (Urgent/Normal), dark navy and amber UI colour palette, glass loft interior with city skyline in soft focus behind, EcoFlow Delta Pro on floor with green LED, No person visible. 8k, cinematic photography style.","12 properties. One morning check.","Ready","Day 1 - Thu Jul 31","Slot-7","6:30pm"
"8","Build. Scale. Ship. — Software Studio","Why Landlords Lose Money Managing Properties on Spreadsheets | Property Tech 2026","Save this for your property business and landlord management board. A landlord managing properties on a spreadsheet is not saving money on software costs. They are spending money on late payments they did not chase in time, maintenance problems that escalated because they were not tracked, and tenant disputes they could not resolve because they had no documentation trail. The spreadsheet does not send a rent reminder. The spreadsheet does not log the date a maintenance request was received. The spreadsheet does not tell you which property is generating the highest net yield after maintenance costs. A custom property management platform does all three of these things before you have finished your morning coffee. The question is not whether you can afford the platform. The question is how much the spreadsheet has already cost you. Save this. #PropertyTech #LandlordSoftware #BuildScaleShip #PropertyManagement #PassiveIncome #RealEstateBusiness #CustomSoftware","Dark editorial infographic on deep charcoal background, bold white title What Your Property Spreadsheet Is Actually Costing You, amber subtitle text, four landlord cost items with red accent numbers, teal custom property platform solution block, Inter font, amber footer stat, clean dark editorial layout, no photography.","Hyper-realistic 9:16 vertical editorial infographic, Style B Dynamic Viral. Deep charcoal background (#0d0d1a), bold white Inter font title: What Your Property Spreadsheet Is Actually Costing You, amber (#f59e0b) subtitle: Four costs you stopped noticing., four red-accented landlord cost items (Late payments missed — no automated reminders / Maintenance escalation — no tracking system / Tenancy disputes — no documentation trail / Yield blindness — no net return analytics per property), teal solution block: Custom platform — rent tracking, reminders, maintenance log, yield analytics. All automatic., amber footer: The spreadsheet is not free. It costs you every month., clean dark minimal editorial layout, no photography. 8k render quality.","The spreadsheet costs more.","Ready","Day 1 - Thu Jul 31","Slot-8","9:00pm"
"9","Build. Scale. Ship. — Software Studio","Photography Studio Booking and Gallery Client Portal | Build. Scale. Ship. 2026","Save this for your creative business and photography studio software board. A photography studio managing session bookings through a combination of direct messages, a generic calendar tool, and emailing galleries as WeTransfer links is operating a workflow that undersells the quality of the work. When a client receives their gallery as a file download link that expires in 7 days, the experience of receiving finished work is transactional rather than premium. A custom photography studio platform changes the entire client journey: an online booking page with session type, date, and photographer preference selection, automated pre-session questionnaire and shot list sent 48 hours before, a branded digital gallery delivered as a private link that the client can browse, favourite, and download selectively, and a reorder portal for prints and products. Save this for your photography business board. #PhotographyBusiness #StudioSoftware #BuildScaleShip #ClientPortal #PhotographyStudio #CreativeBusiness #CustomSoftware","Minimal studio desk with laptop and two monitors showing a custom photography studio management platform, main monitor displays studio booking calendar with session types and photographer availability, automated pre-session questionnaire pipeline and 48-hour reminder status, secondary monitor shows client-facing branded digital gallery interface with favouriting, selective download and print reorder portal, warm amber and cream UI palette, warm studio setting with photography lighting rigs in background, EcoFlow on floor with green LED, no person visible.","Hyper-realistic 9:16 vertical photo, Style A Quiet Luxury. Minimal studio desk with laptop and two large monitors showing a custom photography studio client management platform: main monitor displays booking calendar with session type tags (Portrait/Commercial/Event), photographer availability grid, automated pre-session questionnaire pipeline showing sent/completed status and 48-hour reminder sent badge, secondary monitor shows client-facing branded digital gallery interface with full-bleed image grid, heart favouriting on individual images, selective download controls and print product reorder portal, warm amber and cream UI colour palette, warm creative studio setting with photography softbox lighting rigs visible in soft focus behind, EcoFlow Delta Pro on floor with green LED, No person visible. 8k, cinematic photography style.","Gallery. Not a download link.","Ready","Day 1 - Thu Jul 31","Slot-9","10:00pm"
"10","Future Living & Off-Grid Tech","Glass Ridgeline Alpine Pod | Colorado 14er Summit Architecture 2026","Save this for your off-grid elevated architecture and alpine design board. The problem with building at altitude is not the engineering. It is the timeline. Above 11,000 feet, the construction season is 10 weeks, and the access is often limited to a single mountain road that is impassable for 7 months of the year. Every structural system must arrive on site ready to assemble with minimal equipment. This glass ridgeline pod above a Colorado 14er approaches the problem with an honest solution: a prefabricated steel frame that was helicopter-lifted in two sections to the ridge, a glass wall system that arrived in panels on a tracked carrier, and a single 20-foot concrete anchor pier that was poured in place from a helicopter-delivered concrete pump. The pod is 400 square feet of glass and steel, sitting at 12,200 feet above sea level. EcoFlow with a flexible roof solar array handles power. The Milky Way is directly overhead on clear nights. Save this before it disappears. #AlpineArchitecture #MountainPod #OffGridArchitecture #Colorado14er #GlassArchitecture #ElevatedLiving #EcoFlow","Prefabricated glass ridgeline pod on a single concrete anchor pier at 12,200 feet on a Colorado 14er ridge, prefabricated steel frame with full-glass wall system, flexible solar array on the pod roof, EcoFlow visible inside with green LED, snowcapped 14er summits in background, high altitude granite ridgeline, harsh high-altitude midday light, no people visible.","Hyper-realistic 9:16 vertical photo, Style A Quiet Luxury. Prefabricated glass ridgeline alpine pod sitting at 12,200 feet above sea level on a Colorado Rocky Mountain 14er granite ridge, single large-diameter concrete anchor pier visible below the pod frame, prefabricated steel structural frame with floor-to-ceiling full-perimeter glass wall system, flexible photovoltaic solar array on the flat pod roof, warm amber interior glow visible through the glass, EcoFlow Delta Pro on interior floor with green LED indicator barely visible, snowcapped Colorado 14er summits in background, exposed granite ridgeline with residual snow patches, harsh high-altitude Colorado noon light, No people visible. 8k, cinematic photography style.","12,200 feet. Helicopter lift.","Ready","Day 2 - Fri Aug 1","Slot-1","7:30am"
"11","Smart Pet Wellness","Snow Leopard Himalaya Blue Hour Ridge | Wilderkind Ghost Cat Portrait 2026","Save this for your Wilderkind wildlife and rare predator board. The Snow Leopard is called the Ghost of the Mountains for a precise reason. It is the only large cat that has evolved a coat pattern specifically designed to vanish against a stone-and-snow background. In the Himalaya at blue hour, when the light goes cold and blue and the pale grey granite takes on a blue-grey cast that matches the Snow Leopard's pale smoke-grey coat almost exactly, the cat becomes genuinely difficult to locate in a frame even when you know it is there. The rosettes are not contrast markings. They are shadow-simulation markings, designed to mimic the play of light and dark in a rock field. Steel-blue eyes. Direct gaze. That extraordinary thick tail, as long as the body, wrapped around the front paws. Save this before it disappears. #Wilderkind #SnowLeopard #HimalayaWildlife #WildlifePhotography #GhostCat #RarePredator #BigCatPortrait","Snow Leopard with pale smoke-grey rosette coat in seated alert pose on a Himalaya granite ridge at blue hour, the pale coat matching the blue-grey granite cast of the light, rosette markings simulating the play of light and dark in the rock field, thick long tail wrapped around the front paws, steel-blue eyes with direct camera gaze, blue hour Himalayan sky behind, no people visible.","Hyper-realistic 9:16 vertical photo, Style A Quiet Luxury. Wilderkind aesthetic. Snow Leopard with full pale smoke-grey winter coat marked with dark rosettes in an alert seated pose on a Himalayan granite ridge at blue hour, the pale smoke-grey coat almost perfectly matching the blue-grey cold light cast on the granite surrounding the cat, rosette markings designed to simulate shadow pockets in a rock field rather than to stand out as contrast markings, distinctive extraordinarily thick tail as long as the body wrapped around the front paws, steel-blue eyes with calm direct camera gaze, cold blue hour light from the western sky behind, Himalayan range peaks in soft blue-grey focus, No people. 8k, cinematic photography style.","The coat is not pattern. It is camouflage.","Ready","Day 2 - Fri Aug 1","Slot-2","9:30am"
"12","Future Living & Off-Grid Tech","Land Rover Defender 110 Overland Glass Top | Campers RV Expedition 2026","Save this for your expedition overland and Campers and RV board. The Land Rover Defender 110 is the most recognisable expedition vehicle on the planet, and the 2024 generation brings the same iconic silhouette with a ZF 8-speed automatic, air suspension that can raise the chassis 70mm above standard height, and a water-wading depth of 900mm from the factory. This expedition-spec Defender 110 is fitted with a full-height Gulliver expedition rack, a rooftop tent with an annex that extends the living area to 100 square feet, and a custom front bull bar with dual Hella auxiliary driving lights. The setup is parked on the rim of the Kasha-Katuwe Tent Rocks canyon in New Mexico, the tent deployed and the annex door open, with the Rio Grande valley visible 1,400 feet below. EcoFlow Delta Pro 2 in the cargo area handles power. Save this before it disappears from your feed. #LandRoverDefender #Defender110 #CampersAndRV #OverlandExpedition #ExpeditionVehicle #NewMexico #EcoFlow","Land Rover Defender 110 expedition build with full-height Gulliver expedition rack and rooftop tent with annex fully deployed, parked on the rim of Kasha-Katuwe Tent Rocks canyon New Mexico, Rio Grande valley visible 1,400 feet below, EcoFlow Delta Pro 2 in cargo area with green LED, dual Hella aux lights on front bull bar, no people visible.","Hyper-realistic 9:16 vertical photo, Style A Quiet Luxury. Land Rover Defender 110 in Pangea Green expedition build with full-height aluminium expedition rack, ARB-type rooftop tent with full annex deployed and annex door open, dual Hella auxiliary driving lights on custom front bull bar, parked at the rim edge of Kasha-Katuwe Tent Rocks volcanic canyon New Mexico with the white pumice hoodoo formations visible below and the Rio Grande valley floor 1,400 feet below that, EcoFlow Delta Pro 2 in the cargo area with green LED indicator visible through the open tailgate, warm amber annex interior glow, New Mexico desert blue sky above, harsh New Mexico afternoon light, No people visible. 8k, cinematic photography style.","1,400 feet down. Tent above.","Ready","Day 2 - Fri Aug 1","Slot-3","11:00am"
"13","Smart Pet Wellness","Rhodesian Ridgeback Moab Canyon Run | Adventure Dog Desert Portrait 2026","Save this for your adventure dog and canyon landscape photography board. The Rhodesian Ridgeback was bred in Southern Africa to hunt lions, and the anatomical consequence of that breeding selection is immediately legible in the physique: a body of pure lean muscle, a deep chest, a narrow waist, and the ridge of reverse-growing hair running from the shoulders to the hips that gives the breed its name and that has no equivalent in any other breed on the planet. On a Moab canyon trail at midday, this Ridgeback is in mid-gallop on the red Navajo sandstone surface, the ridge raised and distinct in the harsh noon light, the deep mahogany coat radiating in the desert heat. All four paws airborne. No leash. The canyon walls drop 600 feet on the right. The Colorado Plateau extends to every horizon. Save this before it disappears. #RhodesianRidgeback #AdventureDog #Moab #CanonCountry #DesertDog #DogPhotography #TrailDog","Rhodesian Ridgeback with deep mahogany coat and distinctive dorsal ridge of reverse-growing hair raised and distinct, in mid-gallop on a red Navajo sandstone Moab canyon trail at midday, all four paws airborne at peak stride, canyon walls dropping 600 feet on one side, Colorado Plateau extending to every horizon, harsh noon desert light, no leash or handler visible.","Hyper-realistic 9:16 vertical photo, Style A Quiet Luxury. Rhodesian Ridgeback with deep mahogany-red short coat and distinctive dorsal ridge of reverse-growing hair clearly raised and visible along the spine from the shoulders to the hips, in maximum-speed mid-gallop on a red Navajo sandstone Moab canyon rim trail, all four paws airborne at peak mid-stride, lean deep-chested athletic physique in full motion, the mahogany coat radiating in the harsh Moab noon desert light, sheer canyon walls dropping 600 feet on the right edge of the trail, Colorado Plateau red rock extending to every horizon, harsh vertical noon desert light creating strong shadow, No leash visible. No people. 8k, cinematic photography style.","Ridge up. Paws off the ground.","Ready","Day 2 - Fri Aug 1","Slot-4","12:30pm"
"14","Future Living & Off-Grid Tech","Retractable Roof Observatory Pod | Sonoran Desert Off-Grid Stargazing 2026","Save this for your off-grid observatory and stargazing architecture board. The Bortle scale measures the darkness of a night sky from 1, the darkest sky on earth, to 9, the washed-out sky above a city. The darkest sites in the continental United States are almost all in the Sonoran Desert of southern Arizona, where the combination of altitude, aridity, and very low population density creates night skies that rank 2 on the Bortle scale. This off-grid observatory pod uses a hydraulically operated retractable roof panel that slides fully into the south wall cavity on a precision roller track, opening 80 percent of the ceiling to the sky in 45 seconds. The remaining structure is a circular concrete form with a 24-inch Ritchey-Chretien telescope on a motorised equatorial mount. EcoFlow Delta Pro 2 with 1600W of roof solar handles both the power system and the precision motor drives. Save this before it disappears. #StargazingArchitecture #ObservatoryPod #OffGridLiving #SonoranDesert #DarkSkyPod #AstronomyDesign #EcoFlow","Off-grid circular observatory pod with hydraulically retractable roof panel slid fully open showing 80% of the interior ceiling, precision Ritchey-Chretien telescope on motorised equatorial mount visible inside, EcoFlow Delta Pro 2 on interior floor with green LED, Sonoran Desert landscape at dusk transitioning to night, Milky Way beginning to appear in the dark sky above, flexible solar panels on the closed roof section, no people visible.","Hyper-realistic 9:16 vertical photo, Style A Quiet Luxury. Off-grid circular observatory pod built from poured concrete with a hydraulically retractable precision roof panel fully retracted into the south wall cavity on a roller track, leaving 80% of the roof open to the Sonoran Desert night sky, interior showing a 24-inch Ritchey-Chretien telescope on a precision motorised equatorial mount, EcoFlow Delta Pro 2 on interior concrete floor with green LED indicator, flexible photovoltaic panels on the closed roof section facing south, Sonoran Desert landscape at the transition from dusk to night with the first stars appearing in the deep blue-black sky above the open roof, warm amber interior LED strip barely visible inside, No people visible. 8k, cinematic photography style.","Bortle 2. Sky fully open.","Ready","Day 2 - Fri Aug 1","Slot-5","2:00pm"
"15","Smart Pet Wellness","Puma Patagonian Steppe Dusk | Wilderkind Apex Cat South America 2026","Save this for your Wilderkind wildlife and rare predator board. The Puma is the widest-ranging large mammal in the Western hemisphere, and the Torres del Paine population in southern Patagonia has become the most photographable wild Puma population on earth, precisely because the open steppe terrain gives no cover to the cat as it hunts and travels. At dusk on the Patagonian steppe, the Puma's warm tawny-gold coat catches the last horizontal light in a way that makes the animal look two-dimensional against the three-dimensional landscape behind it. The pale chest. The dark ear backs. The green-grey eyes fixed directly on the camera. The steppe wind is bending the golden grass around the cat. The cat does not move. Save this before it disappears. #Wilderkind #Puma #PatagoniaWildlife #WildlifePhotography #CougarPortrait #MountainLion #TorresDelPaine","Puma with warm tawny-gold coat in alert standing pose on the Patagonian steppe at dusk, the tawny-gold coat catching the last horizontal dusk light, pale chest and dark ear backs visible, green-grey eyes with direct camera gaze, Patagonian steppe golden grass bending in the wind around the cat, Torres del Paine granite towers in soft focus behind, no people visible.","Hyper-realistic 9:16 vertical photo, Style A Quiet Luxury. Wilderkind aesthetic. Puma with warm tawny-gold short coat in perfect alert standing pose on the open Patagonian steppe at dusk, the warm tawny-gold coat catching the last horizontal golden dusk light from the west making the animal appear illuminated from within, pale cream chest and underside visible, dark rufous-brown ear backs visible, green-grey eyes with round pupils making direct intense camera contact, the Patagonian steppe golden grass bending in the constant wind around the cat, Torres del Paine dramatic granite towers in soft blue-purple focus in the background, warm amber-gold Patagonian dusk light from the west, No people. 8k, cinematic photography style.","The widest range of any large mammal.","Ready","Day 2 - Fri Aug 1","Slot-6","3:30pm"
"16","Build. Scale. Ship. — Software Studio","Dental Practice Appointment and Patient Record System | Build. Scale. Ship. 2026","Save this for your healthcare business and dental practice management board. A dental practice managing patient appointments through a basic calendar tool, patient records through a legacy software system that requires a local server, and treatment notes as PDFs in a shared drive folder is carrying three separate systems that do not communicate with each other and that collectively consume significant reception and treatment coordinator time every day. A custom dental practice management platform integrates all of this into a single system: online patient self-booking with dentist preference and treatment type, automated appointment reminders with pre-appointment instructions, digital patient intake and medical history form completed before arrival, and a practitioner dashboard that opens the patient record, treatment history, and X-ray notes before the appointment begins. The practice runs faster. The patients arrive prepared. Save this for your dental business board. #DentalSoftware #DentalPractice #BuildScaleShip #HealthcareTech #PracticeManagement #DentistSoftware #CustomSoftware","Minimal studio desk with laptop and two monitors showing a custom dental practice management platform, main monitor displays dentist schedule grid with appointments colour-coded by treatment type, patient self-booking portal preview, automated reminder pipeline with pre-appointment instructions, secondary monitor shows patient record dashboard with treatment history, X-ray notes section and digital intake form status, clean navy and teal UI palette, glass-wall office with city view behind, EcoFlow on floor with green LED, no person visible.","Hyper-realistic 9:16 vertical photo, Style A Quiet Luxury. Minimal studio desk with laptop and two large monitors showing a custom dental practice management platform: main monitor displays dentist weekly schedule grid with appointments colour-coded by treatment type (blue check-up, green cleaning, amber filling, coral extraction), patient self-booking portal preview showing available slots, automated reminder pipeline with pre-appointment oral hygiene instructions sent/pending status, secondary monitor shows patient record dashboard with treatment history timeline, X-ray notes section with imaging thumbnails, and digital medical history intake form completion status, clean navy and teal UI colour palette, glass-wall modern office interior with city skyline in soft focus behind, EcoFlow Delta Pro on floor with green LED, No person visible. 8k, cinematic photography style.","Patient arrives prepared. Every time.","Ready","Day 2 - Fri Aug 1","Slot-7","6:30pm"
"17","Build. Scale. Ship. — Software Studio","The Hidden Cost of Legacy Dental Practice Software | Healthcare Tech 2026","Save this for your healthcare business and dental practice management board. Most dental practices are not running on bad software because they cannot afford better. They are running on legacy software because replacing a system that every member of the team knows, however poorly it works, feels more disruptive than the cost of keeping it. The cost of keeping legacy dental software is not the annual licence fee. It is the reception time lost to manual tasks the system should automate. It is the patient who did not rebook because the reminder was a generic text with no instructions. It is the treatment coordinator who spends 20 minutes before every appointment manually pulling records from two different systems. A modern custom practice management platform eliminates all three of these costs in the first month of operation. The disruption of switching is a one-time cost. The legacy software cost compounds every day. Save this. #DentalTech #PracticeManagement #BuildScaleShip #HealthcareSoftware #DentalBusiness #LegacySoftware #CustomSoftware","Dark editorial infographic on deep charcoal background, bold white title The Real Cost of Keeping Your Legacy Practice Software, amber subtitle text, three daily operational cost items with red accent numbers, teal modern custom platform solution block, Inter font, amber footer stat, clean dark editorial layout, no photography.","Hyper-realistic 9:16 vertical editorial infographic, Style B Dynamic Viral. Deep charcoal background (#0d0d1a), bold white Inter font title: The Real Cost of Keeping Your Legacy Practice Software, amber (#f59e0b) subtitle: It is not the licence fee., three red-accented daily operational cost items (Reception time lost to manual tasks the system should do automatically / Patients who did not rebook — no personalised reminder with instructions / 20 minutes per appointment pulling records from two separate systems), teal solution block: Modern custom practice platform — one system, automated, integrated, and fast., amber footer: The disruption of switching is once. The legacy cost is every day., clean dark minimal editorial layout, no photography. 8k render quality.","Switch once. Save every day.","Ready","Day 2 - Fri Aug 1","Slot-8","9:00pm"
"18","Build. Scale. Ship. — Software Studio","Co-working Space Member Portal and Desk Booking | Build. Scale. Ship. Studio 2026","Save this for your co-working business and workspace management software board. A co-working space managing hot desk bookings through a Calendly link, day pass access through a manual door code that changes monthly, and membership invoicing through a PayPal recurring payment that frequently fails is not running a membership business. It is running a calendar with a door. A custom co-working space management platform creates the full membership experience: a branded member app with hot desk and meeting room booking, real-time occupancy dashboard visible to all members, automated invoice generation and payment processing linked to the membership tier, and an access control integration that gives each member a unique digital key tied to their active membership status. When a membership lapses, the access key deactivates automatically. Save this for your co-working business board. #CoworkingSpace #WorkspaceManagement #BuildScaleShip #CoworkingSoftware #MemberPortal #DeskBooking #CustomSoftware","Minimal studio desk with laptop and two monitors showing a custom co-working space management platform, main monitor displays operator dashboard with real-time floorplan occupancy showing hot desk and meeting room availability, membership tier breakdown and auto-invoice generation queue, secondary monitor shows member-facing app with desk booking calendar, meeting room reservation and digital access key status, dark teal and slate UI palette, open-plan co-working space setting visible through glass behind, EcoFlow on floor with green LED, no person visible.","Hyper-realistic 9:16 vertical photo, Style A Quiet Luxury. Minimal studio desk with laptop and two large monitors showing a custom co-working space management platform: main monitor displays operator dashboard with real-time floorplan occupancy map showing hot desk tiles colour-coded by status (green available, amber reserved, red occupied) and meeting room availability panel, membership tier management panel with automated invoice generation queue showing amount and member name, secondary monitor shows member-facing app view with 7-day desk booking calendar, meeting room reservation interface, and digital access key status indicator showing Active in green, dark teal and slate grey UI colour palette, modern open-plan co-working space visible in soft focus through glass partition behind, EcoFlow Delta Pro on floor with green LED, No person visible. 8k, cinematic photography style.","Membership lapsed. Key deactivates.","Ready","Day 2 - Fri Aug 1","Slot-9","10:00pm"
"19","Future Living & Off-Grid Tech","Glass Pontoon Boathouse Lake Powell Slot Canyon | Watercraft Architecture 2026","Save this for your off-grid waterfront and glass boathouse architecture board. Lake Powell at sunrise is a very specific geological experience. The reservoir sits inside a Navajo sandstone canyon landscape so ancient and so distinctly coloured, that deep burnt amber and red-orange of the Navajo formation, that every surface in the golden hour light glows from within rather than reflecting light from without. This glass pontoon boathouse is anchored in a sheltered cove at the entrance to a Lake Powell slot canyon, the sandstone walls rising 400 feet on both sides and narrowing to 15 feet at the canyon mouth. The boathouse structure is an aluminium pontoon system with a glass pavilion, the glass panels picking up the amber-red canyon wall colour simultaneously on all four sides. EcoFlow Delta Pro 2 handles power. A vintage wooden runabout is moored at the dock. Save this before it disappears from your feed. #GlassBoathouse #LakePowell #WatercraftArchitecture #SlotCanyon #FloatingArchitecture #OffGridWaterfront #EcoFlow","Glass pontoon boathouse anchored in a Lake Powell slot canyon cove at sunrise, aluminium pontoon system with full-perimeter glass pavilion, all four glass panels simultaneously reflecting the burnt amber-red Navajo sandstone canyon walls 400 feet high on both sides, vintage wooden runabout moored at the dock, EcoFlow Delta Pro 2 visible inside with green LED, warm amber interior glow, no people visible.","Hyper-realistic 9:16 vertical photo, Style A Quiet Luxury. Glass pontoon boathouse on aluminium pontoon system anchored in a sheltered cove at the entrance to a Lake Powell Navajo sandstone slot canyon at sunrise, the full-perimeter glass pavilion panels simultaneously reflecting the burnt amber-red sandstone canyon walls rising 400 feet on both sides of the cove, the canyon narrowing to 15 feet at the mouth visible beyond the boathouse, warm amber-red canyon wall colour reflected in all four glass panels creating an immersive amber interior glow, vintage cedar-strip wooden runabout moored at the dock ramp, EcoFlow Delta Pro 2 on interior floor with green LED indicator, amber-rose Lake Powell sunrise light, No people visible. 8k, cinematic photography style.","Canyon walls on four sides of glass.","Ready","Day 3 - Sat Aug 2","Slot-1","7:30am"
"20","Smart Pet Wellness","Jaguar Peruvian Amazon River Dawn | Wilderkind Apex Predator Portrait 2026","Save this for your Wilderkind wildlife and rare predator board. The Jaguar is the third largest cat in the world and the only apex predator in the Americas that is genuinely feared by every other animal sharing its ecosystem. Unlike leopards and tigers, the Jaguar does not avoid water. It hunts in it. It will cross wide rivers between islands, dive to retrieve fish from the shallows, and ambush caimans from the riverbank. At the edge of a Peruvian Amazon river at dawn, the dark rosette pattern on a yellow-amber ground coat catches the first pale gold horizontal light that breaks through the tropical forest canopy over the river. Amber-green eyes. The river breath mist rising off the black water. The jaguar is watching the water. Not the camera. Save this before it disappears. #Wilderkind #Jaguar #AmazonWildlife #WildlifePhotography #ApexPredator #PeruWildlife #JaguarPortrait","Jaguar with yellow-amber ground coat and dark rosette pattern in alert crouched posture at the edge of a Peruvian Amazon river at dawn, the first pale gold horizontal light breaking through the forest canopy catching the rosette pattern, amber-green eyes watching the river water not the camera, river mist rising off the black water surface, tropical forest behind at dawn, no people visible.","Hyper-realistic 9:16 vertical photo, Style A Quiet Luxury. Wilderkind aesthetic. Jaguar with yellow-amber ground coat and large bold dark rosette pattern in a low alert crouch at the edge of a Peruvian Amazon river at dawn, the first pale horizontal gold light breaking through the tropical forest canopy over the river and catching the large rosette markings from the side creating depth in the coat pattern, amber-green eyes watching the river water surface intently rather than looking at the camera, river mist rising off the black still Amazon water surface, dense Amazon forest canopy on the opposite bank barely lit in the pre-dawn, shot from slightly below eye level at the riverbank level, No people. 8k, cinematic photography style.","Not at the camera. At the water.","Ready","Day 3 - Sat Aug 2","Slot-2","9:30am"
"21","Future Living & Off-Grid Tech","Airstream Classic 684 Permanent Dock Integration | Campers RV Waterfront 2026","Save this for your luxury Airstream and off-grid Campers and RV waterfront board. The Airstream Classic 684 is the largest Airstream travel trailer ever built, at 33 feet in length, and on a permanent dock installation it becomes something architecturally distinct from both a trailer and a building. This Classic 684 is permanently sited on a covered floating dock on a Columbia River backwater, the aluminium exterior on the land side, and on the water side the dock has been extended with a new cedar deck structure and a canvas canopy on a cedar pole frame. The polished aluminium of the Airstream reflects the still backwater in the morning light from the water-facing elevation. A vintage canoe is moored at the dock. EcoFlow Pro handles power. The forest is 200 feet on each bank. Save this before it disappears from your feed. #AirstreamClassic #CampersAndRV #WaterfrontLiving #ColumbiaRiver #AirstreamDock #OffGridWaterfront #EcoFlow","Airstream Classic 684 at 33 feet permanently sited on a covered floating dock on a Columbia River backwater, polished aluminium exterior reflecting the still backwater in morning light from the water-facing elevation, cedar deck extension and canvas canopy on cedar pole frame on the water side, vintage canoe moored at the dock, EcoFlow Pro visible inside with green LED, old-growth forest on both banks, no people visible.","Hyper-realistic 9:16 vertical photo, Style A Quiet Luxury. Airstream Classic 684 33-foot travel trailer in polished aluminium with its iconic rounded profile permanently sited on a covered floating dock on a Columbia River backwater inlet, the polished mirror-finish aluminium side facing the water reflecting the still backwater surface perfectly in the soft morning light, a cedar deck structure extension on the water side of the dock with a natural canvas canopy on a cedar pole frame creating an outdoor living area at the waterline, vintage wooden canoe moored at the dock, EcoFlow Pro on interior floor with green LED barely visible through the Airstream window, old-growth Douglas fir forest on both river banks, soft diffused Columbia River morning light, No people visible. 8k, cinematic photography style.","Largest Airstream. On the water.","Ready","Day 3 - Sat Aug 2","Slot-3","11:00am"
"22","Smart Pet Wellness","Australian Shepherd Sedona Red Rock Leap | Adventure Dog Desert Portrait 2026","Save this for your adventure dog and desert landscape photography board. The Australian Shepherd is the border collie with a coat that could be a painting — in the blue merle variation, the marbled grey-blue, black, and white pattern is so visually complex that the eye keeps finding new patterns within it. On a Sedona red rock formation at golden hour, this blue merle Aussie is mid-leap between two Navajo sandstone platforms, the blue merle coat carrying the amber-rose golden hour light on the white sections and the deep shadow in the black sections simultaneously, creating a coat that reads as three-dimensional in a single frame. The pale blue glass eyes with the merle gene heterochromia. The classic Aussie stub tail. All four paws in the air. The canyon below. Save this before it disappears. #AustralianShepherd #AdventureDog #Sedona #BlueMerle #DesertDog #DogPhotography #RedRock","Blue merle Australian Shepherd in mid-leap between two Sedona red rock Navajo sandstone platforms at golden hour, the blue merle coat carrying amber-rose golden hour light on the white sections and deep shadow in the black sections simultaneously, pale blue heterochromic glass eyes, classic stub tail visible, all four paws in the air, red rock canyon below, no leash or handler visible.","Hyper-realistic 9:16 vertical photo, Style A Quiet Luxury. Blue merle Australian Shepherd with marbled grey-blue, black, and white coat pattern in maximum-extension mid-leap between two red Navajo sandstone platform rocks at Sedona at golden hour, the blue merle coat simultaneously carrying warm amber-rose golden hour light on the white sections and deep shadow in the marbled dark sections creating a three-dimensional coat appearance, pale blue glass eyes with merle heterochromia, classic Aussie stub tail visible mid-air, all four paws fully extended in a maximum-distance leap, Sedona red rock canyon visible below, amber-rose Sedona golden hour light from the west, No leash visible. No people. 8k, cinematic photography style.","Blue eyes. Merle coat. Red rock.","Ready","Day 3 - Sat Aug 2","Slot-4","12:30pm"
"23","Future Living & Off-Grid Tech","Floating Greenhouse Studio Lake | Off-Grid Workspace Architecture 2026","Save this for your off-grid floating architecture and greenhouse studio design board. The greenhouse as a productive workspace is a specific architectural typology that has been almost entirely absent from the serious off-grid design conversation. A glass structure with a south-facing orientation, a concrete thermal mass floor, and a ventilation stack at the ridge handles its own climate without any mechanical system in most continental US locations between April and October. This floating greenhouse studio on Lake Wenatchee in Washington is built on a polycarbonate pontoon base, the glass structure sitting on the float with a cedar-deck perimeter walkway. The interior is a working studio: a live-edge walnut stand-up desk along the north glass wall, a propagation bench along the south, and a hammock slung from the cedar ridge beam. EcoFlow Pro handles the power. Save this before it disappears. #GreenhouseStudio #FloatingArchitecture #WatercraftArchitecture #LakeWenatchee #OffGridStudio #GlassGreenhouse #EcoFlow","Floating glass greenhouse studio on polycarbonate pontoon base on Lake Wenatchee Washington, glass structure with cedar-deck perimeter walkway, interior showing live-edge walnut stand-up desk along the north wall, propagation bench along the south, hammock from the cedar ridge beam, EcoFlow Pro on interior floor with green LED, Lake Wenatchee and Cascade Range in background, soft afternoon light, no people visible.","Hyper-realistic 9:16 vertical photo, Style A Quiet Luxury. Floating glass greenhouse studio on a polycarbonate pontoon base with cedar-deck perimeter walkway on the crystal-clear Lake Wenatchee Washington, the glass greenhouse structure with steel-framed glass panels on all four elevations and a glass ridge roof, interior visible through the glass showing a live-edge walnut stand-up desk along the north glass wall, a timber propagation bench along the south wall, a hand-woven hammock slung from the exposed cedar ridge beam, EcoFlow Pro on the interior concrete thermal mass floor with green LED indicator, Lake Wenatchee deep blue water and Cascade Range peaks in background, soft afternoon Washington light, No people visible. 8k, cinematic photography style.","Float. Work. Grow.","Ready","Day 3 - Sat Aug 2","Slot-5","2:00pm"
"24","Smart Pet Wellness","Maine Coon Glass Loft Skylight | Indoor Luxury Cat Architecture Portrait 2026","Save this for your rare breed and indoor luxury cat photography board. The Maine Coon is the largest domestic cat breed in the world, with adult males reaching 18 to 25 pounds, and the coat is one of the most physically extraordinary of any domestic cat: a fully weather-resistant triple-layer system with a waterproof top coat, a dense middle insulating layer, and a silky smooth undercoat, developed naturally over centuries of Maine winters. This silver tabby Maine Coon is lying beneath a large skylight in a Portland Oregon glass-ceiling loft, the direct vertical midday light coming through the skylight and illuminating the silver tabby coat in a way that makes the individual guard hairs of the topcoat visibly distinct from the insulating layer below them. Green eyes. Enormous paws. The ruff is caught in the light. Save this before it disappears. #MaineCoon #IndoorLuxury #RareCatBreed #CatPortrait #PortlandLoft #LuxuryPetLife #GiantCat","Maine Coon silver tabby male with enormous frame and triple-layer weatherproof coat lying beneath a large skylight in a Portland Oregon glass-ceiling loft, direct vertical midday skylight illuminating the silver tabby coat making individual guard hairs of the topcoat visibly distinct from the insulating layer below, large green eyes, enormous paws, full ruff caught in the light, no people visible.","Hyper-realistic 9:16 vertical photo, Style A Quiet Luxury. Maine Coon silver tabby male with enormous frame, broad chest, large tufted ears, and full triple-layer coat lying with royal ease beneath a large architectural skylight in a Portland Oregon glass-ceiling loft, direct vertical midday skylight light falling cleanly on the silver tabby coat making the individual long guard hairs of the waterproof topcoat clearly and separately visible as silver filaments over the denser insulating layer below, the full lion-like chest ruff illuminated from above, large green eyes calm and aware, enormous tufted paws crossed in front, warm Portland loft interior with exposed timber beams in soft focus around, No people visible. 8k, cinematic photography style.","25 pounds. Triple-layer coat.","Ready","Day 3 - Sat Aug 2","Slot-6","3:30pm"
"25","Build. Scale. Ship. — Software Studio","Accountancy Firm Client Portal and Deadline Tracker | Build. Scale. Ship. 2026","Save this for your accountancy business and professional services software board. An accountancy practice managing client tax deadlines through a combination of a manual calendar system, email reminders that a member of staff sends individually, and client document collection through an email attachment chain is introducing human error into a process where the consequence of error is a missed HMRC deadline and a client penalty. A custom accountancy practice platform eliminates all of this: a client portal where clients upload documents and check their return status directly, an automated deadline management system that tracks every client tax event and sends automated reminders at 30 days, 14 days, and 48 hours before each deadline, and a practice manager view showing every client return status in a single traffic-light dashboard. No deadline misses. No manual chases. Save this for your accountancy business board. #AccountancySoftware #TaxTech #BuildScaleShip #AccountancyPractice #ClientPortal #TaxDeadline #CustomSoftware","Minimal studio desk with laptop and two monitors showing a custom accountancy practice management platform, main monitor displays practice manager deadline dashboard with all active client returns in a traffic-light status view (green filed, amber in progress, red approaching deadline), automated 30-day and 14-day and 48-hour reminder pipeline per client, secondary monitor shows client portal view with document upload interface, return status timeline and pending queries from the practice, dark forest green and amber UI palette, clean glass office setting with city view behind, EcoFlow on floor with green LED, no person visible.","Hyper-realistic 9:16 vertical photo, Style A Quiet Luxury. Minimal studio desk with laptop and two large monitors showing a custom accountancy practice client management platform: main monitor displays practice manager deadline dashboard with all active client returns organised in a traffic-light status grid (green filed, amber in progress, red approaching deadline in under 14 days), automated deadline reminder pipeline per client showing 30-day/14-day/48-hour reminders with sent/pending status, secondary monitor shows client portal view with document upload interface with completion checklist, return status timeline and a pending queries section from the practice, dark forest green and amber UI colour palette, clean modern glass office interior with city skyline in soft focus behind, EcoFlow Delta Pro on floor with green LED, No person visible. 8k, cinematic photography style.","No deadline misses. Automatic.","Ready","Day 3 - Sat Aug 2","Slot-7","6:30pm"
"26","Build. Scale. Ship. — Software Studio","Why Accountancy Practices Lose Clients to More Organised Firms | Tax Tech 2026","Save this for your accountancy business and professional services management board. A client leaves an accountancy practice for the same reason they leave a law firm. Not because the technical work was poor. Because the experience of being a client felt disorganised and stressful rather than reassuring and professional. They chased the practice for an update on their return. They sent documents by email and were not sure they had been received. They received a deadline reminder the day before, not the month before. They called the office and were told someone would call back. These are not accounting failures. They are operational failures, and in an industry built on trust and reliability, operational failures are reputation failures. A client portal and deadline management system does not make the accountancy better. It makes the experience of the accountancy feel exactly as professional as the accountancy actually is. Save this. #AccountancyBusiness #TaxPractice #BuildScaleShip #ClientExperience #ProfessionalServices #AccountancySoftware #TrustBuilding","Dark editorial infographic on deep charcoal background, bold white title Why Clients Leave Accountants Who Are Actually Good at Accounting, amber subtitle text, four client experience failure items with red accent markers, teal practice management solution block, Inter font, amber footer stat, clean dark editorial layout, no photography.","Hyper-realistic 9:16 vertical editorial infographic, Style B Dynamic Viral. Deep charcoal background (#1a1a2e), bold white Inter font title: Why Clients Leave Accountants Who Are Actually Good at Accounting, amber (#f59e0b) subtitle: It is never the numbers., four red-accented client experience failures (They chased you for a status update on their own return / Documents sent by email — no confirmation they arrived / Deadline reminder came the day before not the month before / Called the office and waited for a callback), teal solution block: Client portal — upload documents, track return status, get automated reminders. All from their phone., amber footer: In accounting trust is the product. Make the experience match., clean dark minimal editorial layout, no photography. 8k render quality.","Good accounting. Poor experience.","Ready","Day 3 - Sat Aug 2","Slot-8","9:00pm"
"27","Build. Scale. Ship. — Software Studio","Startup MVP Client Dashboard and User Analytics | Build. Scale. Ship. Studio 2026","Save this for your startup software development and MVP build board. The most common mistake a first-time startup founder makes when commissioning their first software build is specifying features rather than outcomes. The brief becomes a list of things the software should do, rather than a description of the user problem the software should solve. A well-built MVP for a startup has four characteristics: it solves one user problem clearly and completely, it collects enough user behaviour data to tell you whether you have solved the right problem, it is built on a clean enough architecture to extend rather than rebuild when you get to version 2, and it can be shipped in 8 to 12 weeks rather than 8 to 12 months. At Build Scale Ship, this is what an MVP engagement looks like. Not a feature list. A problem statement, a user journey, and a product that ships. Save this for your startup board. #StartupMVP #BuildScaleShip #StartupSoftware #MVPDevelopment #TechStartup #FounderAdvice #CustomSoftware","Minimal studio desk with laptop and two monitors showing a custom startup MVP client dashboard and user analytics platform, main monitor displays a clean startup app product dashboard with user engagement flow chart, feature usage analytics heat map, retention curve over 30 days and a weekly active user counter, secondary monitor shows the developer-facing project status view with sprint completion tracker, user feedback log, and next sprint planning panel, dark charcoal and teal UI palette, clean minimalist co-working space setting visible behind, EcoFlow on floor with green LED, no person visible.","Hyper-realistic 9:16 vertical photo, Style A Quiet Luxury. Minimal studio desk with laptop and two large monitors showing a custom startup MVP analytics and project platform: main monitor displays a clean startup product user dashboard with user engagement flow chart showing drop-off points, feature usage analytics heat map, 30-day user retention curve with cohort lines, and weekly active user counter (847 WAUs this week), secondary monitor shows developer-facing sprint tracker with completed/in-progress/next sprint tickets, user feedback log from in-app submissions, and sprint velocity metric, dark charcoal and teal UI colour palette, clean minimalist studio workspace with architectural glass panels behind, EcoFlow Delta Pro on floor with green LED, No person visible. 8k, cinematic photography style.","One problem. Shipped in 8 weeks.","Ready","Day 3 - Sat Aug 2","Slot-9","10:00pm"
"28","Future Living & Off-Grid Tech","Steel Frame Glass Dock Float Plane Boathouse | British Columbia Inlet 2026","Save this for your off-grid float plane and waterfront boathouse architecture board. The relationship between a float plane dock and a boathouse in the Pacific Northwest is not a building problem. It is a logistics problem. The float plane needs 200 feet of open water to land on, a dock that approaches the surface at no more than 8 degrees for the float to ride up onto, and a covered structure for maintenance and overnight protection. The boathouse needs a covered slip for the boat, a dry storage loft for gear, and ideally a living or working space above. This steel frame and glass dock boathouse on a British Columbia coastal inlet integrates both in a single L-shaped structure: a de Havilland Beaver on the north arm of the dock, a 26-foot cedar strip runabout on the south arm, and a glass-walled pilot lounge and workshop above the joint. EcoFlow handles power. The inlet is glassy calm. Save this before it disappears from your feed. #FloatPlane #SeaplaneDock #WatercraftArchitecture #BritishColumbia #BoathouseDesign #OffGridAviation #EcoFlow","L-shaped steel frame and glass dock boathouse on a British Columbia coastal inlet, de Havilland Beaver floatplane on the north dock arm and a cedar strip runabout on the south dock arm, glass-walled pilot lounge and workshop above the joint structure with warm amber interior glow, EcoFlow on interior floor with green LED, old-growth forest on all inlet shores, glassy calm inlet water, overcast coastal light, no people visible.","Hyper-realistic 9:16 vertical photo, Style A Quiet Luxury. L-shaped steel frame and glass dock boathouse structure on a British Columbia Pacific coastal inlet, the north dock arm holding a de Havilland Beaver floatplane with aluminium floats resting on the dock ramp, the south dock arm holding a 26-foot cedar strip wooden runabout in a covered slip, a glass-walled pilot lounge and combined workshop above the junction of the two arms with warm amber interior glow visible through floor-to-ceiling glass, steel structural frame with galvanised finish, EcoFlow Delta Pro on interior floor with green LED indicator, old-growth Douglas fir and western red cedar on all inlet shores, mirror-glassy calm British Columbia coastal inlet water, overcast diffused coastal light, No people visible. 8k, cinematic photography style.","North arm: Beaver. South arm: runabout.","Ready","Day 4 - Sun Aug 3","Slot-1","7:30am"
"29","Smart Pet Wellness","Red Fox Snowy Colorado Forest Trail | Wilderkind Winter Portrait 2026","Save this for your Wilderkind wildlife and rare portrait board. The Red Fox has a coat that is specifically designed to be seen. This is not camouflage. The deep rust-orange coat against a winter snowy background makes the fox completely visible at 200 meters, and the evolutionary logic is that a visible predator is also a legible predator, one that other animals can track and adjust to, which reduces unnecessary energy expenditure on both sides. In a Colorado Rockies snowy forest trail in deep winter, this Red Fox is in mid-trot on the packed snow surface, the deep rust-orange coat burning against the pure white snow and the dark Douglas fir trunks. The amber-yellow eyes are focused ahead. The brush tail is a separate moving element, counterweighting each stride. Save this before it disappears. #Wilderkind #RedFox #ColoradoWildlife #WildlifePhotography #WinterFox #FoxPortrait #SnowWildlife","Red Fox with deep rust-orange coat in mid-trot on a Colorado Rockies snowy forest trail in deep winter, the rust-orange coat burning against the pure white snow and dark Douglas fir trunks, amber-yellow eyes focused ahead, thick brush tail counterweighting each stride, snow-dusted forest trail, soft winter overcast light, no people visible.","Hyper-realistic 9:16 vertical photo, Style A Quiet Luxury. Wilderkind aesthetic. Red Fox with immaculate deep rust-orange coat in fluid mid-trot posture on a packed snow forest trail in a Colorado Rocky Mountain Douglas fir forest in deep winter, the deep rust-orange coat creating a vivid colour contrast against the pure white snow surface and the dark brown-black Douglas fir trunk bark, amber-yellow eyes focused ahead with alert expression, thick heavily furred brush tail held at a slight angle counterweighting the stride, soft winter Colorado overcast light from above, snow-dusted Douglas fir branches above the trail, No people. 8k, cinematic photography style.","Orange coat. White snow. No camouflage needed.","Ready","Day 4 - Sun Aug 3","Slot-2","9:30am"
"30","Future Living & Off-Grid Tech","Expedition Class C Motorhome Pacific Northwest Forest | Campers RV Build 2026","Save this for your expedition Campers and RV and motorhome design board. The Class C motorhome format, the over-cab bed above the cab, the mid-size chassis with the walk-through interior, is the most practical all-in-one expedition vehicle format for two people. It has everything in one unit. It does not require a separate tow vehicle. It can go anywhere a large SUV can go with adequate driver technique. And in expedition-spec trim, with a Cummins diesel, a lifted suspension kit, a full rooftop solar array, and a quality interior build, it becomes genuinely capable in remote terrain. This expedition-spec Class C is parked at a dispersed camping site in the Gifford Pinchot National Forest in Washington, the old-growth Douglas fir canopy 200 feet above, the EcoFlow Pro triple-stack providing 12kWh of stored capacity, and the 800W rooftop solar array maintaining the system. A two-person kayak is secured on the rear rack. Save this before it disappears. #ClassCMotorhome #CampersAndRV #ExpeditionRV #GiffordPinchot #PNWForest #MotorHomeLife #EcoFlow","Expedition-spec Class C motorhome with lifted suspension, full rooftop solar array and Cummins diesel parked in a dispersed camping site in Gifford Pinchot National Forest Washington, old-growth Douglas fir canopy 200 feet above, two-person kayak on the rear rack, EcoFlow Pro triple-stack visible inside with green LED, forest floor with sword ferns surrounding, overcast PNW forest light, no people visible.","Hyper-realistic 9:16 vertical photo, Style A Quiet Luxury. Expedition-spec Class C motorhome with over-cab profile, lifted suspension kit raising the chassis above standard height, 800W rooftop solar array across the full roof, Cummins diesel badging on the engine cover, parked in a dispersed camping site in the Gifford Pinchot National Forest Washington state with old-growth Douglas fir trunks surrounding, old-growth canopy 200 feet above letting in diffused green-grey forest light, two-person sit-on-top kayak secured on the rear rack, EcoFlow Pro triple-stack visible through the open side door with green LED indicator, sword fern forest floor surrounding, overcast diffused PNW forest light, No people visible. 8k, cinematic photography style.","Everything in one unit. Go anywhere.","Ready","Day 4 - Sun Aug 3","Slot-3","11:00am"
"31","Smart Pet Wellness","Iberian Lynx Extremadura Scrubland Sunrise | Wilderkind Rarest Wild Cat 2026","Save this for your Wilderkind wildlife and rare predator board. The Iberian Lynx was the most endangered wild cat in the world in 2002, with a recorded wild population of 94 individuals. Two decades of intensive conservation work have brought the population back to over 1,600 individuals, making it the greatest large predator recovery in European conservation history. The coat is extraordinarily distinctive: a pale cream-gold base with dark spots and a full facial ruff of grey-cream fur that gives the head a dramatically oversized appearance relative to the lean body. The ear tufts are shorter than the Caracal but in the same architectural family. On an Extremadura scrubland at sunrise, with the cork oak dehesa landscape going golden in the horizontal light, this Lynx is in full alert standing pose. Amber-gold eyes. Direct gaze. Save this before it disappears. #Wilderkind #IberianLynx #SpainWildlife #WildlifePhotography #RarePredator #ConservationSuccess #LynxPortrait","Iberian Lynx with pale cream-gold spotted coat and full facial ruff of grey-cream fur in full alert standing pose on an Extremadura scrubland at sunrise, amber-gold eyes with direct camera gaze, ear tufts visible, cork oak dehesa landscape going golden in horizontal sunrise light, no people visible.","Hyper-realistic 9:16 vertical photo, Style A Quiet Luxury. Wilderkind aesthetic. Iberian Lynx with pale cream-gold base coat covered in distinct dark spots and a dramatic full facial ruff of grey-cream fur that makes the head appear oversized relative to the lean athletic body, in perfect full alert standing pose on an Extremadura Spanish scrubland at sunrise, short ear tufts visible, amber-gold eyes with round pupils making direct camera contact, the cork oak dehesa landscape turning from blue pre-dawn to warm gold in the horizontal first light of sunrise, spiky scrubland vegetation at ground level, shot from slightly below eye level, No people. 8k, cinematic photography style.","94 individuals in 2002. 1,600 today.","Ready","Day 4 - Sun Aug 3","Slot-4","12:30pm"
"32","Future Living & Off-Grid Tech","Timber Frame Glass Studio PNW Rainforest | Off-Grid Workspace Architecture 2026","Save this for your timber frame and off-grid studio architecture board. Douglas fir timber frame construction uses the same structural logic as the trees it is made from. The trunk-to-ridge dimension, the member sizes that transfer load from roof to post to foundation, these are proportions that have been refined over 800 years of post-and-beam building tradition. In a PNW temperate rainforest, where the existing trees are 200-year-old Douglas firs themselves, a timber frame studio that uses timber from the same species feels less like a building that was placed in the landscape and more like a building that grew alongside it. This glass-walled Douglas fir timber frame studio in the Olympic Peninsula uses 10-by-10 inch fir posts and a king-post roof truss with a full-glass west wall facing the old-growth forest. EcoFlow Pro on the studio floor. The studio is surrounded by sword ferns on all sides. Save this before it disappears. #TimberFrame #DouglassFir #OffGridStudio #OlympicPeninsula #GlassArchitecture #WoodworkingDetail #EcoFlow","Glass-walled Douglas fir timber frame studio in the Olympic Peninsula old-growth temperate rainforest, 10x10 inch fir posts and king-post roof truss with full-glass west wall facing the old-growth forest, sword ferns on all sides, EcoFlow Pro on interior studio floor with green LED, soft diffused old-growth forest light through the glass, no people visible.","Hyper-realistic 9:16 vertical photo, Style A Quiet Luxury. Glass-walled Douglas fir timber frame studio in the Olympic Peninsula old-growth temperate rainforest, 10-by-10 inch Douglas fir posts with visible mortise-and-tenon joinery at the beam connections, king-post roof truss system visible in the interior ceiling structure, full-perimeter glass west wall facing the old-growth Douglas fir forest with the massive trunks beyond, interior studio floor in concrete with EcoFlow Pro mounted on the wall with green LED indicator, sword fern rainforest floor on all sides of the studio, grey-green diffused old-growth forest light through the glass, No people visible. 8k, cinematic photography style.","Same species. Same forest.","Ready","Day 4 - Sun Aug 3","Slot-5","2:00pm"
"33","Smart Pet Wellness","Siberian Husky Glacier National Park Meltwater | Adventure Dog Alpine 2026","Save this for your adventure dog and alpine landscape photography board. The Siberian Husky was developed by the Chukchi people of northeastern Siberia over 3,000 years as the fastest light sled dog in the world, and the result is a medium-sized dog with a metabolism so efficient that it can run 100 miles a day for multiple consecutive days on a caloric intake that would not sustain a sedentary household dog. In Glacier National Park at a glacial meltwater stream crossing, this grey-and-white Husky with bi-colour eyes is mid-leap across the meltwater flow, the grey-white coat carrying the pale blue of the glacial water in the white sections and the deep shadow of the overcast alpine light in the grey sections. Pale blue right eye. Amber-brown left eye. The glacial peaks behind. Save this before it disappears. #SiberianHusky #AdventureDog #GlacierNationalPark #AlpineDog #HuskyAdventure #BicolorEyes #DogPhotography","Siberian Husky with grey-and-white coat and bi-colour eyes (pale blue right, amber-brown left) in mid-leap across a Glacier National Park glacial meltwater stream, the grey-white coat carrying the pale blue of the glacial water and deep shadow of the overcast alpine light, glacial peaks in background, no leash or handler visible.","Hyper-realistic 9:16 vertical photo, Style A Quiet Luxury. Siberian Husky with full grey-and-white double coat in a maximum-extension mid-leap across a glacial meltwater stream in Glacier National Park Montana, all four paws extended at peak leap, distinctive bi-colour eyes visible with pale ice-blue right eye and warm amber-brown left eye, the grey-white coat carrying the pale blue colour of the glacial water in the white sections and deep cool shadow in the grey sections, glacial meltwater stream with pale turquoise-blue glacial flour colour below, snowcapped Glacier National Park peaks in background, overcast alpine light, No leash visible. No people. 8k, cinematic photography style.","Blue eye. Amber eye. Glacier behind.","Ready","Day 4 - Sun Aug 3","Slot-6","3:30pm"
"34","Build. Scale. Ship. — Software Studio","E-Learning Platform and Course Creator Portal | Build. Scale. Ship. Studio 2026","Save this for your education technology and online course business software board. A subject expert who has built a successful physical workshop or in-person training programme and who wants to take that curriculum online faces a specific problem. The standard off-the-shelf course platforms, Teachable, Thinkific, Kajabi, charge a percentage of revenue at scale, enforce their own branding over the creator's brand, and limit the course structure to what their template system allows. A custom e-learning platform gives the course creator complete control: their own branded course environment, a flexible curriculum builder that supports video, PDF, quiz, and live session modules in any order, a student progress dashboard with cohort analytics, and a payment system with no percentage take. Save this for your online education business board. #ELearningPlatform #OnlineCourse #BuildScaleShip #EdTech #CourseCreator #OnlineEducation #CustomSoftware","Minimal studio desk with laptop and two monitors showing a custom e-learning platform and course creator portal, main monitor displays the creator-facing course builder interface with video, PDF, quiz, and live session module drag-and-drop curriculum editor, student cohort progress dashboard showing completion rates and quiz score distributions, secondary monitor shows the student-facing branded course environment with video lesson player, progress bar, and downloadable resource section, teal and deep amber UI palette, creative home studio setting with warm afternoon light through window behind, EcoFlow on floor with green LED, no person visible.","Hyper-realistic 9:16 vertical photo, Style A Quiet Luxury. Minimal studio desk with laptop and two large monitors showing a custom branded e-learning platform: main monitor displays course creator interface with drag-and-drop curriculum builder showing video, PDF, quiz, and live session module types in a lesson sequence editor, student cohort analytics panel showing course completion rates, average quiz scores, and dropout points, secondary monitor shows the student-facing branded course environment with full-screen video lesson player, lesson progress bar, module completion checkmarks, and downloadable resource list, teal and deep amber UI colour palette, creative home studio setting with warm afternoon light through a large window behind, EcoFlow Delta Pro on floor with green LED, No person visible. 8k, cinematic photography style.","Their brand. No revenue cut.","Ready","Day 4 - Sun Aug 3","Slot-7","6:30pm"
"35","Build. Scale. Ship. — Software Studio","When to Stop Paying Teachable and Build Your Own Platform | Creator Tech 2026","Save this for your online education business and course creator strategy board. The standard off-the-shelf course platforms make sense at the beginning. Low upfront cost, quick to launch, built-in infrastructure. But there is a specific revenue threshold at which the platform percentage starts to cost more than a custom build would have, and most course creators cross that threshold without noticing because the percentage cost is invisible. It comes out before you see the revenue. At $10,000 per month revenue on a platform charging 5%, you are paying $500 per month, $6,000 per year, for infrastructure you do not own, with branding you cannot fully control, and course structure constraints you cannot override. A custom platform at that revenue level pays for itself in 18 to 24 months and then generates pure margin indefinitely. The platform fee never goes away. The custom build cost does. Save this. #CourseCreator #EdTechBusiness #BuildScaleShip #OnlineCourse #CreatorEconomy #CustomSoftware #RevenueGrowth","Dark editorial infographic on deep charcoal background, bold white title When Your Course Platform Fee Costs More Than a Custom Build, amber subtitle text, a revenue threshold calculation with red accent numbers, three platform limitations with red markers, teal custom platform build ROI block, Inter font, amber footer stat, clean dark editorial layout, no photography.","Hyper-realistic 9:16 vertical editorial infographic, Style B Dynamic Viral. Deep charcoal background (#1a1a2e), bold white Inter font title: When Your Course Platform Fee Costs More Than a Custom Build, amber (#f59e0b) subtitle: Most creators cross this threshold without seeing it., red-accented revenue threshold block ($10k per month x 5% platform fee = $6,000 per year for infrastructure you do not own), three red-accented platform limitations (Branding you cannot fully control / Course structure constrained by their template / Revenue percentage taken before you see it), teal custom build ROI block: Custom platform pays for itself in 18 to 24 months. Then it is pure margin., amber footer: The platform fee never goes away. The custom build cost does., clean dark editorial layout, no photography. 8k render quality.","$6,000 a year. For their infrastructure.","Ready","Day 4 - Sun Aug 3","Slot-8","9:00pm"
"36","Build. Scale. Ship. — Software Studio","Hotel Guest App and Concierge Management | Build. Scale. Ship. Studio 2026","Save this for your hospitality business and hotel management software board. An independent boutique hotel managing guest communication through a combination of a front desk phone line, a paper in-room compendium, and WhatsApp messages to the concierge team is delivering a guest experience that is inconsistent, labour-intensive, and difficult to scale. A custom hotel guest app changes the entire in-stay experience: digital check-in from the car before arrival, a mobile room key linked to the guest record, in-app requests for room service, housekeeping, or concierge services that go directly to the relevant team with a response time displayed to the guest, and a real-time guest feedback system that flags negative feedback to the duty manager before the guest checks out rather than after they post a review. Save this for your hospitality business board. #HotelSoftware #HospitalityTech #BuildScaleShip #GuestExperience #HotelManagement #BoutiqueHotel #CustomSoftware","Minimal studio desk with laptop and two monitors showing a custom boutique hotel guest app and concierge management platform, main monitor displays hotel operations dashboard with active in-stay guest list, real-time concierge request queue with response timers, room status board and live feedback monitoring panel, secondary monitor shows guest-facing mobile app preview with digital check-in, mobile room key, room service and concierge request interface and in-app messaging, warm amber and deep teal UI palette, glass-wall hotel lobby setting visible behind, EcoFlow on floor with green LED, no person visible.","Hyper-realistic 9:16 vertical photo, Style A Quiet Luxury. Minimal studio desk with laptop and two large monitors showing a custom boutique hotel management platform: main monitor displays hotel operations dashboard with active in-stay guest list showing room number and check-out date, real-time concierge request queue showing request type, time received, and response time badge (On Time/Late), room status board with housekeeping progress, and live in-stay guest feedback monitoring panel with sentiment indicators, secondary monitor shows guest-facing mobile app preview with digital check-in flow, NFC mobile room key screen, room service and concierge request interface with response time estimate, and in-app messaging thread with the front desk, warm amber and deep teal UI colour palette, premium glass-wall hotel lobby in soft focus behind, EcoFlow Delta Pro on floor with green LED, No person visible. 8k, cinematic photography style.","Review flagged before check-out.","Ready","Day 4 - Sun Aug 3","Slot-9","10:00pm"
"37","Future Living & Off-Grid Tech","Glass Houseboat Columbia River Gorge Watercraft | Off-Grid Living 2026","Save this for your off-grid watercraft and glass houseboat architecture board. A houseboat is not a boat that happens to have a house on it. It is a building that happens to have a hull under it. And the design constraints are completely different from both marine and terrestrial construction. The hull must be maintained. The hull must be rated for the water body. The connections to shore, power, water, sewer, or all-off-grid equivalents, must be resolved with marine-grade materials in a permanently damp environment. This glass houseboat on the Columbia River Gorge sits on a welded steel pontoon hull with an epoxy-coated marine interior, and the building above is a two-story glass and Corten steel structure: a living level with a full-perimeter glass wall and a sleeping level with a rooftop cedar deck. EcoFlow Pro handles power. The Gorge basalt walls are 800 feet above the waterline. Save this before it disappears from your feed. #GlassHouseboat #ColumbiaRiverGorge #WatercraftArchitecture #HouseboatDesign #OffGridLiving #CortenSteel #EcoFlow","Two-story glass and Corten steel houseboat on a welded steel pontoon hull on the Columbia River Gorge, living level with full-perimeter glass wall and sleeping level with rooftop cedar deck, Corten steel exterior panels with orange-amber patina, EcoFlow Pro visible inside with green LED, Gorge basalt walls 800 feet above the waterline on both sides, Columbia River water, no people visible.","Hyper-realistic 9:16 vertical photo, Style A Quiet Luxury. Two-story glass and Corten steel houseboat on a welded steel pontoon hull floating on the Columbia River Gorge, living level with full-perimeter glass wall showing warm amber interior glow, upper sleeping level with a rooftop cedar deck, the Corten steel exterior panels on the non-glass walls in deep orange-amber weathered patina, the Gorge basalt column walls rising 800 feet above the waterline on both sides of the river creating a dramatic vertical canyon around the structure, EcoFlow Pro on interior floor with green LED indicator, Columbia River water surface, overcast Gorge light, No people visible. 8k, cinematic photography style.","Hull below. 800 feet of basalt above.","Ready","Day 5 - Mon Aug 4","Slot-1","7:30am"
"38","Smart Pet Wellness","Saluki Sahara Desert Dune Sunrise | Ancient Sighthound Adventure Dog 2026","Save this for your adventure dog and rare breed desert photography board. The Saluki is the oldest selectively bred dog in the world, with documented breeding records from ancient Egypt and depictions on tomb walls dated to 7,000 BCE. It was bred to course gazelle across open desert terrain at speeds approaching 68 kilometres per hour, and the physiological consequence of this selective pressure is a dog that looks unlike any other: a narrow, deep-keeled chest built for lung capacity, a tucked-up waist, extremely long feathered ears that move independently in the wind, and legs that are pure anatomical intent. On a Saharan dune crest at sunrise, this golden Saluki is in full alert standing pose, the long feathered ears and the silky coat catching the first horizontal amber light of the Moroccan desert morning. Dark almond eyes. The dune crest falls away behind. Save this before it disappears. #Saluki #AdventureDog #SaharaDesert #DesertDog #AncientBreed #SighthoundLife #DogPhotography","Saluki with golden long silky coat and long feathered ears in full alert standing pose on a Saharan dune crest at sunrise, the feathered ears and silky coat catching the first horizontal amber light of the Moroccan desert morning, dark almond eyes, narrow deep-keeled chest and tucked-up waist of the breed visible, dune crest falling away behind, no leash or handler visible.","Hyper-realistic 9:16 vertical photo, Style A Quiet Luxury. Saluki with full golden long silky coat with flowing feathering on the ears, legs, and tail in perfect full alert standing pose on a Saharan dune crest at the precise moment of sunrise in Morocco, the long independently moving feathered ears and the silky coat catching the first horizontal amber-gold desert morning light, dark deep-set almond eyes with aristocratic expression, the characteristic narrow deep-keeled chest and dramatically tucked-up waist of the breed clearly visible in the side profile, the pure sand dune crest falling away behind the dog in a smooth curve, warm amber Moroccan desert sunrise light from the east, No leash visible. No people. 8k, cinematic photography style.","7,000 BCE. Still the fastest.","Ready","Day 5 - Mon Aug 4","Slot-2","9:30am"
"39","Future Living & Off-Grid Tech","Expedition Mercedes G-Wagon Overland Build | Campers RV Off-Road 2026","Save this for your expedition overland and Campers and RV build board. The Mercedes G-Wagon has been in continuous production since 1979 with only minor platform changes, and the reason is the same now as it was then: a body-on-frame construction with a ladder chassis, three locking differentials, and a portal axle system that raises the axle centreline 218mm above the hub centreline, giving a ground clearance that no other production SUV can match. In the full expedition overland specification, with a Thule Summit roof system, a rooftop tent, a 400-litre long-range fuel tank conversion, and an EcoFlow Delta Pro 2 bank in the load area, this G-Wagon is a genuinely capable remote-terrain expedition vehicle. It is parked at the rim of the Canyonlands canyon system in Utah at golden hour, the slickrock dropping 2,000 feet below the wheels. Save this before it disappears. #MercedesGWagon #GWagen #CampersAndRV #OverlandExpedition #ExpeditionVehicle #Canyonlands #EcoFlow","Mercedes G-Wagon expedition overland build with Thule Summit roof system and rooftop tent deployed parked at the rim of the Canyonlands canyon system Utah at golden hour, the slickrock dropping 2,000 feet below, EcoFlow Delta Pro 2 bank in the load area visible with green LED, amber and rose Canyonlands golden hour light, no people visible.","Hyper-realistic 9:16 vertical photo, Style A Quiet Luxury. Mercedes G-Wagon in matte military green expedition overland build with Thule Summit expedition roof system, rooftop tent deployed above the cab roof area, ARB-type rear protection and dual jerry can holders, parked at the absolute rim edge of the Canyonlands Utah slickrock canyon system at golden hour, the Navajo sandstone slickrock dropping 2,000 feet below the front wheels, EcoFlow Delta Pro 2 bank visible through the open rear tailgate with green LED indicators, amber and rose Canyonlands golden hour light from the west, Colorado River visible as a silver line far below in the canyon, No people visible. 8k, cinematic photography style.","Three locking diffs. 2,000 feet below.","Ready","Day 5 - Mon Aug 4","Slot-3","11:00am"
"40","Smart Pet Wellness","Lynx Canada Winter Forest | Wilderkind Boreal Predator Portrait 2026","Save this for your Wilderkind wildlife and rare predator board. The Canada Lynx and the Snowshoe Hare are the most precisely documented predator-prey cycle in ecology. When the Hare population peaks every 10 years, the Lynx population peaks 1 to 2 years later. When the Hare population crashes, the Lynx population follows. The Lynx has evolved specifically for this single prey species, with foot-pad size relative to body mass that exceeds every other North American felid and allows it to run across deep powder snow where its prey sinks. In a boreal forest in the Yukon Territory in deep winter, with the snow surface crystalline and the temperature at -35 degrees Celsius, this Canada Lynx is in mid-stride in a clearing between the black spruce. The silver-grey and brown-cream spotted coat catches the blue winter light. Pale amber-grey eyes. The enormous snowshoe paws visible in mid-stride. Save this before it disappears. #Wilderkind #CanadaLynx #BorealWildlife #WildlifePhotography #WinterPredator #YukonWildlife #LynxPortrait","Canada Lynx with silver-grey and brown-cream spotted coat and distinctively enormous snowshoe paws in mid-stride in a Yukon Territory boreal black spruce forest clearing at -35 degrees in deep winter, pale amber-grey eyes with direct gaze, the enormous paws clearly visible in mid-stride across the crystalline snow surface, blue winter boreal light, no people visible.","Hyper-realistic 9:16 vertical photo, Style A Quiet Luxury. Wilderkind aesthetic. Canada Lynx with silver-grey and warm brown-cream spotted coat in fluid mid-stride through a Yukon Territory boreal forest black spruce clearing in deep winter at -35 degrees, the distinctively enormous snowshoe paws clearly and dramatically visible in mid-stride against the crystalline snow surface showing the oversized foot-pad that allows running on deep powder snow, pale amber-grey eyes with calm direct camera gaze, large ear tufts visible, breath mist barely visible in the extreme cold, crystalline deep-winter snow surface, dark black spruce boreal forest at the clearing edge, blue-white winter boreal light, No people. 8k, cinematic photography style.","Paw size beats the snow. Every time.","Ready","Day 5 - Mon Aug 4","Slot-4","12:30pm"
"41","Future Living & Off-Grid Tech","Floating Steel Cabin Olympic Coast Tidal Zone | Watercraft Architecture 2026","Save this for your off-grid waterfront and floating cabin architecture board. The Olympic Peninsula Pacific coastline is one of the few remaining stretches of genuinely remote coast in the continental United States. No road access along the outer coast below the Makah Reservation. Passage only by boat or on foot along the wilderness beach trail. A floating steel cabin in the Olympic Coast wilderness operates on a fundamentally different set of assumptions from any land-based structure. It must move with the tide. It must withstand the surge from a Pacific ground swell. The hull must be maintained. This welded steel floating cabin sits on a closed-cell foam flotation block system anchored by three stainless mooring cables to bedrock piles at the tideline. The structure is weathered steel on three walls, full glass on the ocean-facing wall. EcoFlow Delta Pro 2 with flexible roof solar. No roads. No bridge. Pacific Ocean to the west. Save this before it disappears. #FloatingCabin #OlympicCoast #WatercraftArchitecture #OffGridLiving #TidalFloat #PacificCoast #EcoFlow","Welded steel floating cabin on closed-cell foam flotation block system anchored by three stainless mooring cables to bedrock piles at the Olympic Peninsula Pacific tidal zone, weathered steel on three walls and full glass on the ocean-facing wall, EcoFlow Delta Pro 2 with flexible roof solar visible with green LED, Pacific Ocean to the west, no roads or bridge visible, Olympic wilderness coast in background, no people visible.","Hyper-realistic 9:16 vertical photo, Style A Quiet Luxury. Welded steel floating cabin on a closed-cell foam flotation block system anchored by three stainless steel mooring cables to bedrock piles at the Olympic Peninsula Pacific coast tideline, weathered steel cladding on three walls in grey-black patina with visible weld seam detail, full glass ocean-facing west wall with warm amber interior glow, EcoFlow Delta Pro 2 on interior floor with green LED indicator, flexible photovoltaic panels on the roof, three stainless mooring cables angling down into the tidal water at the corners, Pacific Ocean surf break visible to the west, Olympic wilderness coast with old-growth forest behind, overcast Pacific light, No people visible. 8k, cinematic photography style.","Three cables. Open Pacific west.","Ready","Day 5 - Mon Aug 4","Slot-5","2:00pm"
"42","Smart Pet Wellness","Ragdoll Cat Coastal Glass Cabin Afternoon | Indoor Luxury Cat Portrait 2026","Save this for your rare breed and indoor luxury cat photography board. The Ragdoll is named for its behavioural response to being picked up. It goes completely limp. Every muscle relaxes simultaneously, and the cat becomes a warm heavy weight in your arms with no resistance and no protest. This is not a trained response. It is a breed characteristic, genetic, consistent, and distinctive enough that it defined the breed name when Ann Baker established the breed standard in the 1960s. This flame-point Ragdoll is lying in a wide window seat in a glass-walled Oregon coast cabin, watching the afternoon Pacific surf through the glass. The cream and warm flame-orange point coat is picking up the warm amber afternoon light from the west. The pale blue eyes are almost closing. The Pacific is grey-green and broken outside. Save this before it disappears. #RagdollCat #IndoorLuxury #RareCatBreed #OregonCoast #CatPortrait #LuxuryPetLife #CoastalCat","Flame-point Ragdoll cat with cream and warm flame-orange point coat lying in a wide window seat in a glass-walled Oregon coast cabin in afternoon light, the flame-orange points catching the warm amber afternoon Pacific light from the west, pale blue eyes almost closing in contentment, grey-green broken Pacific surf visible through the glass, no people visible.","Hyper-realistic 9:16 vertical photo, Style A Quiet Luxury. Flame-point Ragdoll cat with full cream body coat and warm flame-orange points on the ears, face, legs, and tail lying with complete muscular ease in a wide cushioned window seat in a glass-walled Oregon coast cabin in warm afternoon light, the flame-orange points catching the warm amber west-facing afternoon light from the Pacific, the breed's characteristic complete relaxation visible in the fully limp body posture, pale blue eyes almost closed in contentment, grey-green broken Pacific surf and coastal bluff visible through the floor-to-ceiling glass beyond the window seat, warm amber coastal afternoon light from the west, No people visible. 8k, cinematic photography style.","Goes completely limp. Every time.","Ready","Day 5 - Mon Aug 4","Slot-6","3:30pm"
"43","Build. Scale. Ship. — Software Studio","Retail Store Inventory and POS Integration | Build. Scale. Ship. Studio 2026","Save this for your retail business and inventory management software board. A retail store owner managing inventory through a combination of a standalone POS system, a separate online store, and a shared spreadsheet for stock counts is accepting the risk of overselling every day. When a customer buys the last unit in the physical store, the online store still shows it as available for 24 hours until someone manually updates the spreadsheet. When a supplier delivery arrives, the POS is updated but the online store is not, or vice versa. A custom unified retail management platform eliminates this entirely: a single inventory system that updates across the physical POS and the online store in real time when any transaction occurs, a low-stock alert that fires at a set threshold per SKU and generates a draft purchase order for the supplier, and a daily inventory report that shows sell-through rate per product category. Save this for your retail business board. #RetailSoftware #InventoryManagement #BuildScaleShip #RetailTech #POSSystem #StockManagement #CustomSoftware","Minimal studio desk with laptop and two monitors showing a custom retail store inventory and POS integration platform, main monitor displays unified inventory dashboard showing real-time stock levels across physical store and online store columns with sync status indicators per SKU, low-stock alert panel with amber warning flags and auto-generated draft purchase orders, secondary monitor shows daily sell-through analytics by product category with top-performing and slow-moving SKU lists, dark charcoal and lime green UI palette, premium retail store setting visible in soft focus behind, EcoFlow on floor with green LED, no person visible.","Hyper-realistic 9:16 vertical photo, Style A Quiet Luxury. Minimal studio desk with laptop and two large monitors showing a custom unified retail inventory and point-of-sale integration platform: main monitor displays inventory dashboard with each SKU row showing physical store stock, online store stock, and real-time sync status icon, low-stock alert panel with amber flag on items below threshold and auto-generated draft purchase order preview, secondary monitor shows daily sell-through analytics panel with top-performing SKU list, slow-moving inventory flags, and product category sell-through rate bars, dark charcoal and lime green UI colour palette, premium retail store interior in soft focus behind with product shelving visible, EcoFlow Delta Pro on floor with green LED, No person visible. 8k, cinematic photography style.","Last unit sold. Both channels updated.","Ready","Day 5 - Mon Aug 4","Slot-7","6:30pm"
"44","Build. Scale. Ship. — Software Studio","Why Retail Stores Lose Sales to Inventory Blind Spots | Retail Tech 2026","Save this for your retail business and stock management board. A retail business does not usually lose a sale because the product does not exist. It loses the sale because the product exists in the wrong place at the wrong time with no system to tell anyone. The unit is in the stockroom while the shelf is empty. The online store shows it as available while the physical store sold the last unit this morning. The purchase order for the bestselling SKU is 10 days late because no one flagged the low stock level until a customer asked. These are not demand problems. They are visibility problems, and a single unified inventory management platform solves all three of them with a real-time stock sync, an automated low-stock alert, and a reorder trigger that fires before the shelf empties. The platform does not create demand. It makes sure you can meet the demand that already exists. Save this. #RetailBusiness #InventoryManagement #BuildScaleShip #RetailTech #StockControl #POSSoftware #CustomSoftware","Dark editorial infographic on deep charcoal background, bold white title The 3 Ways Your Retail Business Loses Sales It Already Had, amber subtitle text, three inventory blind spot items with red accent markers, teal unified inventory platform solution block, Inter font, amber footer stat, clean dark editorial layout, no photography.","Hyper-realistic 9:16 vertical editorial infographic, Style B Dynamic Viral. Deep charcoal background (#0d0d1a), bold white Inter font title: The 3 Ways Your Retail Store Loses Sales It Already Had, amber (#f59e0b) subtitle: These are visibility problems. Not demand problems., three red-accented inventory blind spot items (The unit is in the stockroom while the shelf is empty / Online shows available while physical sold the last one this morning / Purchase order late because no one flagged the low stock level), teal solution block: Unified inventory — real-time sync, automated low-stock alert, reorder trigger before the shelf empties., amber footer: The platform does not create demand. It makes sure you can meet what already exists., clean dark minimal editorial layout, no photography. 8k render quality.","The shelf is empty. The stockroom is not.","Ready","Day 5 - Mon Aug 4","Slot-8","9:00pm"
"45","Build. Scale. Ship. — Software Studio","Custom CRM for Service Business Pipeline | Build. Scale. Ship. Studio 2026","Save this for your service business and CRM software board. A service business managing its client pipeline through a combination of a shared inbox, a spreadsheet of active prospects, and a calendar of follow-up reminders that a member of staff sets manually is managing its primary revenue source, the pipeline, on a system that will fail the moment that member of staff is unavailable. A custom CRM for a service business is not a complex enterprise system. It is a focused pipeline tool: a contacts database with full interaction history, a kanban-style deal pipeline with stage definitions and probability scoring, automated follow-up reminders triggered by the last contact date, and a revenue forecast that shows projected monthly revenue from pipeline deals at their current stage and probability. When a new lead enters the pipeline, the sequence starts automatically. When a deal goes cold for 14 days, the system flags it. Save this for your service business board. #CRMSoftware #ServiceBusiness #BuildScaleShip #PipelineManagement #ClientAcquisition #SalesCRM #CustomSoftware","Minimal home office desk with a laptop showing a custom service business CRM platform, kanban-style deal pipeline with stage columns (New Lead, Qualified, Proposal, Negotiation, Won) and deal cards showing client name, deal value and probability score, automated follow-up reminder panel showing last contact date and next action due, revenue forecast panel showing projected monthly revenue from current pipeline by stage, teal and amber UI palette, glass cabin setting with mountain view through window behind, EcoFlow on floor with green LED, no person visible.","Hyper-realistic 9:16 vertical photo, Style A Quiet Luxury. Minimal home office desk with laptop showing a custom service business CRM platform: kanban-style deal pipeline with stage columns (New Lead / Qualified / Proposal Sent / Negotiation / Won) and deal cards showing client name, deal value, and probability score percentage, automated follow-up reminder panel showing last contact date per deal and next action due date with overdue flags in amber, revenue forecast panel at the bottom showing projected monthly revenue from pipeline deals by stage with total forecast amount ($47,200 this month), teal and amber UI colour palette, glass cabin interior with mountain ridge in background through large window, EcoFlow Delta Pro on floor with green LED, No person visible. 8k, cinematic photography style.","Cold for 14 days. System flags it.","Ready","Day 5 - Mon Aug 4","Slot-9","10:00pm"
