"Post #","Board","Title","Description","Alt Text","AI Prompt","In-App Text Hook","Status","Posting Day","Slot","SL Post Time"
"1","Future Living & Off-Grid Tech","Glass Pontoon Dock Cabin Dawn Mist | PNW Watercraft Architecture 2026","Save this for your off-grid watercraft and floating architecture board. A full-glass dock cabin on a single-pontoon steel platform extending from a Douglas fir dock into a Pacific Northwest mountain lake at dawn — mist sitting two inches above the water surface, the glass cabin and the old-growth forest behind it reflected in perfect mirror symmetry below. This is the visual formula behind the highest-performing pin on this entire account — rebuilt with a new setting, a new dock material, and a new light condition. The pontoon: a single marine-steel tube, low to the waterline, barely breaking the surface. The glass cabin above: one room, full transparency, the warm amber interior visible — a suspended daybed, a reading light, an EcoFlow Delta Pro with green LED at floor level. The dock: Douglas fir, weathered silver, the planks wide and worn. The PNW lake: mirror-still at dawn, the mist creating a soft white border between the water surface and the reflected image. No road. No grid. No people. Just glass on water. Save this before it scrolls past. #WatercraftArchitecture #GlassBoathouse #OffGridLiving #FutureLiving #PNWArchitecture #FloatingHome #EcoFlow","Full-glass residential dock cabin on single marine-steel pontoon platform extending from weathered Douglas fir dock into mirror-still PNW mountain lake at dawn, two-inch dawn mist layer above water surface, perfect mirror reflection of glass cabin and old-growth Douglas fir forest, warm amber interior with EcoFlow Delta Pro green LED visible","Hyper-realistic 9:16 vertical photo, Style A Quiet Luxury. A full-glass dock cabin sits on a single marine-steel pontoon platform extending from a weathered Douglas fir dock into a Pacific Northwest mountain lake at dawn. The glass walls: completely transparent — warm amber interior visible (suspended daybed, minimal reading light, EcoFlow Delta Pro unit with green LED at floor level). The PNW lake: mirror-still, dawn mist sitting exactly two inches above the water surface creating a soft white horizontal line between reality and reflection. Below the mist: the perfect inverted reflection of the glass cabin, the dock, and the old-growth Douglas fir and western red cedar forest behind. The dock: weathered silver Douglas fir planks, wide, the dark lake water visible between the boards. The forest: cathedral-scale Douglas fir, sword ferns at the base, grey-green moss on the trunks. Dawn mist at water level. No people visible. 8k, cinematic PNW floating architecture photography, mirror reflection symmetry, dawn mist.","Glass. Water. Mist. Gone.","Ready","Day 1 — Wed June 18","Slot-1","7:30am"
"2","Smart Pet Wellness","Puma Colorado Granite Ledge Twilight | Wilderkind Mountain Lion 2026","Save this for your Wilderkind puma and North American mountain predator board. A puma crouched on a granite ledge high in the Colorado Rockies at twilight — the tawny-gold coat lit by the last amber horizontal light, the powerful shoulders tensed, the pale green-gold eyes locked directly on camera with the calm focus of an apex predator that has never once doubted its position on the food chain. The puma is the largest wild cat in North America and the only one that can survive from Patagonia to the Canadian Rockies — and on a Colorado fourteener granite ledge at twilight, it is architecture. The granite: pale grey Colorado fourteener granite, lichen-spotted, the ledge narrow. Behind: the Colorado Rockies dropping away into blue-purple mountain ridges at twilight. The last light: amber-gold, horizontal, raking across the granite surface and the puma's coat. Save this for your rarest North American predator board. #Wilderkind #Puma #MountainLion #ColoradoRockies #PredatorPortrait #WildlifePhotography #NorthAmericanPredator","Adult puma crouched on narrow lichen-spotted pale grey granite ledge high in Colorado Rockies at twilight, tawny-gold coat lit by last amber horizontal light, powerful shoulders tensed, pale green-gold eyes in direct camera contact, Colorado mountain ridges dropping into blue-purple twilight behind","Hyper-realistic 9:16 vertical photo, Style A Quiet Luxury. Wilderkind aesthetic. An adult puma crouches on a narrow granite ledge high in the Colorado Rockies at twilight. The tawny-gold coat: lit by the last amber-gold horizontal light from the left — every muscle visible beneath the short dense fur, the powerful shoulders and forelimbs tensed. The pale green-gold eyes: staring directly at camera with calm, focused predator intelligence. The granite ledge: narrow, pale grey Colorado fourteener granite, lichen spots in pale green-yellow. Behind the puma: the Colorado Rockies falling away into successive blue-purple mountain ridges at twilight, the sky transitioning from warm amber at the horizon to deep purple-blue above. The last light: horizontal, amber-gold, raking across both the granite surface and the puma's coat, creating rim-light on the shoulder and face. Shot from slightly below eye level, the puma commanding the frame. No people. 8k, Colorado Rockies twilight wildlife photography, puma amber rim-light, granite ledge.","Apex. No debate.","Ready","Day 1 — Wed June 18","Slot-2","9:30am"
"3","Future Living & Off-Grid Tech","Corten Steel Observation Tower Sierra Nevada | Industrial Alpine Architecture 2026","Save this for your Corten steel tower and industrial alpine architecture board. A Corten steel observation tower rising from a Sierra Nevada granite ridge — the steel weathered through three visible oxidation stages (bright orange-rust at the base, warm amber-brown in the middle, deep chocolate at the cantilevered observation deck above), the deck extending over the valley void with a glass floor showing 200 metres of empty air below. The tower: industrial, raw, honest about its materials and its structure. The I-beam framing visible at every joint. The observation deck: a glass-floored cantilever, warm amber interior glow visible from below, the EcoFlow Pro powering the heated interior. Behind: Sierra Nevada granite peaks, snowcapped, pale in the morning light. The valley below: lodgepole pines, a pale blue alpine lake. This is Metal Art affinity meets Educational Architecture — the structure teaches you about itself. Save this before it scrolls. #CortenSteel #MetalArt #SierraNevada #ObservationTower #IndustrialArchitecture #FutureLiving #OffGridTech","Corten steel observation tower on Sierra Nevada granite ridge with three visible oxidation stages from bright orange-rust base to deep chocolate cantilevered observation deck, glass floor showing 200m void below, I-beam steel framing visible, warm amber interior glow, snowcapped Sierra Nevada peaks behind, lodgepole pine valley and alpine lake below","Hyper-realistic 9:16 vertical photo, Style A Quiet Luxury. A Corten steel observation tower rises from a Sierra Nevada granite ridge. The steel: three visible weathering stages — bright orange-rust on the base panels (newest), warm amber-brown on the middle section, deep chocolate on the most weathered upper panels. The raw I-beam steel framing: visible at every structural joint, the industrial honesty of the construction readable. The cantilevered observation deck: extending over the valley void at the top, a glass floor showing the 200-metre drop below. Warm amber interior glow visible from below — the heated interior, EcoFlow Pro with green LED barely visible inside. Behind: Sierra Nevada granite peaks, snowcapped, pale cream-grey in the morning alpine light. The valley below: dense lodgepole pines and a pale sapphire-blue alpine lake. Pale alpine blue dawn light. No people visible. 8k, cinematic industrial alpine architecture photography, Corten steel weathering stages, Sierra Nevada granite.","Three rust stages. One view.","Ready","Day 1 — Wed June 18","Slot-3","11:00am"
"4","Smart Pet Wellness","Australian Shepherd Sedona Red Rock Creek | Merle Coat Adventure Dog 2026","Save this for your Australian Shepherd and desert adventure dog board. A blue merle Australian Shepherd mid-leap over a shallow red rock creek in Sedona at golden hour — the extraordinary blue merle coat (silver-grey, black, and copper patches in a unique marble pattern) frozen at peak suspension, all four paws off the water, the warm Sedona red sandstone glowing in the horizontal light. The Australian Shepherd is the most visually complex domestic dog breed in North America — the merle coat is genetically unrepeatable, each dog unique. At golden hour in Sedona, the blue-silver of the merle against the warm orange-red of the Navajo sandstone creates a colour contrast that stops every scroll. The creek: shallow, the red sandstone creek bed visible through clear water. The splash: frozen at the moment of departure. Behind: Sedona red rock formations, the famous Cathedral Rock silhouette. Save this for your adventure dog and Sedona aesthetic board. #AustralianShepherd #SedonaAdventure #AdventureDog #MerleCoat #DogPhotography #RedRocks #AussieShepherd","Blue merle Australian Shepherd mid-leap over shallow Sedona red rock creek at golden hour, silver-grey-black-copper marble merle coat frozen at peak suspension with all four paws airborne, Navajo red sandstone creek bed visible through clear water, Cathedral Rock silhouette in warm golden background","Hyper-realistic 9:16 vertical photo, Style A Quiet Luxury. A blue merle Australian Shepherd at peak mid-leap over a shallow red rock creek in Sedona at golden hour. All four paws airborne, the body perfectly frozen at peak suspension — the arc of the jump visible. The blue merle coat: extraordinary — silver-grey base with random black and copper-tan patches in a unique marble pattern, each patch irregular, the coat thick and slightly wavy at the chest and hindquarters. The horizontal golden hour light from the right illuminates the merle coat, making the silver patches glow and the copper patches burn warm orange. The creek: shallow, clear water over a Navajo red sandstone creek bed — a frozen splash visible at the departure point. Behind: Sedona red rock formations in warm golden hour light, Cathedral Rock silhouette recognisable. The red sandstone: warm orange, glowing. Shot from creek level, slightly below the dog. No people or leash. 8k, Sedona golden hour adventure dog photography, Australian Shepherd merle coat, mid-leap.","Silver coat. Red rock. Airborne.","Ready","Day 1 — Wed June 18","Slot-4","12:30pm"
"5","Future Living & Off-Grid Tech","Japanese Dovetail Timber Bathhouse Creek | PNW Joinery Architecture 2026","Save this for your Japanese joinery and timber bathhouse architecture board. A Japanese dovetail-jointed timber bathhouse on a PNW rainforest creek — the entire structure assembled without a single nail or screw, every joint a visible dovetail or mortise-and-tenon cut into old-growth Douglas fir timbers. The bathhouse sits directly on a creek bank, a copper pipe feeding cold creek water to an outdoor cedar soaking tub. The timber: massive Douglas fir posts and beams, the dovetail joints visible at every intersection — the joint itself is the decoration. The soaking tub: hand-hewn red cedar, the creek water crystal clear. Through the bathhouse's small shoji-style window: warm amber interior, the EcoFlow system powering a radiant floor heater. The PNW rainforest: sword ferns, moss, the creek running over smooth river stones. This is Woodworking affinity at its highest expression — the material, the technique, and the setting are all one system. Save this. #JapaneseJoinery #TimberArchitecture #Woodworking #PNWLife #OffGridBathhouse #FutureLiving #DovetailJoint","Japanese dovetail-jointed Douglas fir timber bathhouse on PNW rainforest creek bank, all joints visible without nails or screws including dovetail and mortise-and-tenon, hand-hewn red cedar soaking tub fed by copper creek pipe, warm amber interior through shoji window with EcoFlow, sword ferns and moss, creek over river stones","Hyper-realistic 9:16 vertical photo, Style A Quiet Luxury. A Japanese dovetail-jointed timber bathhouse sits on the bank of a PNW rainforest creek. The timber frame: massive old-growth Douglas fir posts and beams, every joint a precisely cut dovetail or mortise-and-tenon — the joinery visible at every intersection, the wood tight-fitting without nails, screws, or metal hardware. The exterior: unfinished Douglas fir, the grain visible, slightly weathered to silver-grey at the exposed surfaces. On the creek-side: an outdoor hand-hewn red cedar soaking tub, the interior smooth, creek water fed through a copper pipe from the creek upstream, the water crystal clear. Through the bathhouse's small shoji-style window: warm amber interior glow, EcoFlow system with green LED barely visible inside. The PNW rainforest: sword ferns at the creek bank, grey-green moss on the surrounding trees, the creek running over smooth river stones with gentle motion. Diffused coastal fog light. No people visible. 8k, cinematic timber joinery architecture photography, dovetail joints, PNW creek.","No nails. No screws. Just wood.","Ready","Day 1 — Wed June 18","Slot-5","2:00pm"
"6","Smart Pet Wellness","Norwegian Forest Cat Glass Boathouse Window | Indoor Luxury Cat 2026","Save this for your Norwegian Forest Cat and architectural cat photography board. A Norwegian Forest Cat on a window seat inside a glass boathouse — the enormous double-layered coat (long guard hairs over dense woolly undercoat) lit from behind by lake-reflected aquamarine light streaming through the boathouse glass wall. The Norwegian Forest Cat is one of the largest and most architecturally impressive domestic breeds — the triangular face, the tufted ears, the waterproof outer coat evolved for Scandinavian winters. In a glass boathouse at midday with lake light filling the space, it looks exactly like what it is: a natural-born predator in an extraordinary setting. The boathouse: full glass wall facing the lake, the water visible outside, lake-reflected light casting moving aquamarine patterns on the interior walls. The window seat: live-edge walnut, built into the boathouse frame. Save this for your luxury cat and architectural interior board. #NorwegianForestCat #LuxuryCat #GlassBoathouse #IndoorCat #CatPhotography #ArchitecturalCat #PetWellness","Large Norwegian Forest Cat with double-layered coat on live-edge walnut window seat inside glass boathouse, lake-reflected aquamarine light backlighting the long guard hairs through glass wall, triangular face and tufted ears visible, moving aquamarine light patterns on interior walls, lake visible through glass","Hyper-realistic 9:16 vertical photo, Style A Quiet Luxury. A large Norwegian Forest Cat sits on a live-edge walnut window seat inside a glass boathouse. The coat: the defining feature — enormous double-layered, long silky guard hairs over dense woolly undercoat, the guard hairs backlit by aquamarine lake-reflected light streaming through the boathouse glass wall, each individual guard hair visible as a fine luminous line. The triangular face: broad, with tufted ear tips and a long straight nose. The green eyes: calm, gazing outward at the lake. The glass boathouse: full glass wall facing the lake, the lake water visible outside — the reflected light from the water surface casting moving aquamarine patterns on the interior ceiling and walls. The window seat: live-edge walnut, the natural edge of the slab visible. The light: midday lake-reflected aquamarine, the dominant light source in the interior. No people. 8k, luxury interior cat photography, Norwegian Forest Cat double coat, aquamarine lake light.","Lake light. Forest coat. Glass walls.","Ready","Day 1 — Wed June 18","Slot-6","3:30pm"
"7","Build. Scale. Ship. — Software Studio","Retail Inventory System UI Studio | Business Management Software 2026","Save this for your retail technology and inventory management board. A premium software studio workspace at afternoon golden hour — the main monitor showing the UI of a custom retail inventory and POS management system: real-time stock levels by category, daily sales dashboard showing $8,740 today, low-stock alerts in amber, reorder automation queue. This is what retail software looks like when it is built specifically for your business — not a generic SaaS product that forces you to change how you work. The inventory system on screen: clean, modern, deep navy and white with amber alerts. Product grid with thumbnail images, stock quantity, and velocity indicator (fast/medium/slow moving). The studio: minimal, a second monitor showing Figma wireframes of the mobile POS terminal version. Through floor-to-ceiling glass behind: a city at golden hour. Save this for your retail tech and business management board. #RetailSoftware #InventoryManagement #BusinessTech #POSSystem #CustomSoftware #SoftwareStudio #SmallBusiness","Modern studio workspace at golden hour with main monitor showing custom retail inventory and POS management system UI — real-time stock grid with velocity indicators, daily sales dashboard showing $8740, low-stock amber alerts, reorder queue — secondary monitor with Figma mobile POS wireframe, floor-to-ceiling glass city view at golden hour","Hyper-realistic 9:16 vertical photo, Style A Quiet Luxury. A minimal modern studio workspace at afternoon golden hour. Main monitor: a custom retail inventory and POS management system in deep navy and white UI. Visible: real-time stock grid (product thumbnail, product name, stock quantity, velocity indicator — green fast-moving / amber medium / red slow), daily sales dashboard widget (Today: $8,740 / This Week: $42,100), low-stock alerts panel (3 products in amber warning), automated reorder queue (2 products queued for supplier reorder). Secondary monitor: Figma wireframes of the mobile POS terminal version of the same system — barcode scanner view, quick-sale buttons. The desk: clean warm wood surface, matte keyboard, a small succulent plant. Through floor-to-ceiling glass behind: a city at golden hour, warm amber light on glass buildings. No person visible. 8k, cinematic studio workspace photography, retail software UI, golden hour.","Every product. Every sale. One screen.","Ready","Day 1 — Wed June 18","Slot-7","6:30pm"
"8","Build. Scale. Ship. — Software Studio","Your Retail Inventory Is Bleeding Money — Here Are the 4 Leaks | Fix 2026","Save this for your retail business management and inventory solutions board. Most retail business owners know they lose money to inventory problems — but they don't know where. These 4 invisible inventory leaks happen in every retail business that runs on spreadsheets, manual counts, or gut instinct. Each one costs real money every single month — and together they compound into a problem that slowly strangles your margins. The fix is not hiring more staff. The fix is a system that tracks, alerts, and automates before the leak becomes a flood. Save this before your next stock count. #RetailBusiness #InventoryManagement #RetailSoftware #BusinessTech #SmallBusiness #StockManagement #RetailTech","Dark editorial business infographic showing 4 invisible retail inventory money leaks with red leak icons and monthly cost estimates per leak, teal solution panel at bottom, deep charcoal background, clean professional typography — business language only","Clean editorial infographic, 9:16 vertical, Style B Dynamic Viral. Background: deep charcoal (#0d0d1a). Title bold white: YOUR RETAIL INVENTORY IS BLEEDING MONEY — HERE ARE THE 4 LEAKS. Subtitle amber: Most owners know they lose money. They just don't know where. Below, 4 numbered leak points each with a red drip icon: 1 (RED) — DEAD STOCK SITTING ON SHELVES: Products that haven't moved in 60+ days. You paid for them, they take up space, and they tie up cash you could invest in fast-moving stock. Average cost: $800–$2,000/month. 2 (RED) — STOCKOUTS ON YOUR BEST SELLERS: Your top 20% of products drive 80% of revenue. When they run out, customers walk. No alert system means you find out too late. Average cost: $1,200–$3,000/month in lost sales. 3 (RED) — MANUAL COUNTING ERRORS: Staff count stock by hand. They miscount. Your records say 24 units, the shelf has 18. You reorder too late or too early. Average cost: $400–$1,000/month in waste. 4 (RED) — NO VELOCITY TRACKING: You don't know which products are accelerating and which are slowing down. You reorder the same quantities every month regardless. Average cost: $600–$1,500/month in inefficiency. Bottom panel (TEAL): THE FIX: An inventory system that tracks stock in real time, alerts you before stockouts, identifies dead stock automatically, and shows velocity trends so you order exactly what you need. Footer amber: These 4 leaks cost the average retail business $3,000–$7,500 per month. The software costs a fraction of that. No photography.","4 leaks. $7,500 a month.","Ready","Day 1 — Wed June 18","Slot-8","9:00pm"
"9","Future Living & Off-Grid Tech","Glass Houseboat Pacific Coast Cove | Coastal Floating Architecture 2026","Save this for your floating houseboat and coastal living architecture board. A glass-walled houseboat anchored in a calm Pacific Coast cove at sunrise — the full-glass living space reflecting the coastal bluff, the sea stacks, and the Pacific sky simultaneously in its surfaces while revealing the warm amber interior within. The houseboat: a steel hull below the waterline, entirely glass above — a single residential volume floating on the Pacific. The cove: protected, calm water, coastal scrub and Monterey cypress on the bluffs above. Through the glass: a suspended platform bed, a galley kitchen, an EcoFlow Pro providing all power. The ocean below the hull: visible through a glass floor section in the living area — kelp forest and clear Pacific water. At sunrise, the east-facing glass catches the first light, the amber interior and the orange sunrise merging into one warm glow. No dock. Anchor only. Save this for your coastal architecture dream board. #GlassHouseboat #CoastalArchitecture #FloatingHome #PacificCoast #OffGridLiving #FutureLiving #WatercraftArchitecture","Glass-walled houseboat with steel hull anchored in calm Pacific Coast cove at sunrise, full-glass living space reflecting coastal bluff and sea stacks while showing warm amber interior, glass floor section revealing kelp forest below, Monterey cypress on bluffs, east-facing glass catching sunrise orange glow","Hyper-realistic 9:16 vertical photo, Style A Quiet Luxury. A glass-walled houseboat anchored in a calm Pacific Coast cove at sunrise. The hull: marine-grade steel below the waterline, dark grey, nearly invisible. Above the waterline: entirely glass — a single residential volume. The glass walls: reflecting the coastal bluff, sea stacks, and Pacific sunrise sky on the exterior surfaces while simultaneously revealing the warm amber interior (suspended platform bed, galley kitchen, EcoFlow Pro with green LED on the floor). A glass floor section in the living area: the Pacific kelp forest and clear water visible below. The cove: protected, calm water with minimal wave action. The coastal bluffs: Monterey cypress and coastal scrub. The sunrise: orange-amber, the east-facing glass catching the first light, the interior amber glow and the sunrise orange merging. No dock — anchor chain visible entering the water. No people visible. 8k, cinematic Pacific Coast floating architecture photography, glass houseboat sunrise, kelp visible.","Anchor. Glass. Pacific floor.","Ready","Day 2 — Thu June 19","Slot-1","7:30am"
"10","Smart Pet Wellness","Caracal African Savanna Golden Hour | Wilderkind Desert Cat 2026","Save this for your Wilderkind caracal and African predator board. A caracal on a termite mound in the African savanna at golden hour — those extraordinary black-tufted ears (the longest ear tufts of any wild cat, 5cm of pure black hair) backlit by the setting sun, the tawny-rust coat glowing, the amber eyes with their characteristic dark tear-line markings staring directly through the camera. The caracal is the fastest cat below cheetah weight class — capable of leaping 3 metres vertically to catch birds mid-flight. On a termite mound in the African savanna at golden hour, it looks every bit the ambush specialist it is. The termite mound: warm ochre earth, solid, 1.5 metres high. The savanna: golden grass in every direction, scattered umbrella acacia. The golden hour light: horizontal, amber, raking across the tawny-rust coat. Save this for your Wilderkind and African wildlife board. #Wilderkind #Caracal #AfricanWildlife #PredatorPortrait #GoldenHour #WildlifePhotography #DesertCat","Adult caracal standing alert on ochre termite mound in African savanna at golden hour, extraordinary 5cm black-tufted ears backlit by setting sun, tawny-rust coat glowing in horizontal amber light, amber eyes with dark tear-line markings in direct camera contact, golden grass savanna and umbrella acacia behind","Hyper-realistic 9:16 vertical photo, Style A Quiet Luxury. Wilderkind aesthetic. An adult caracal stands alert on top of a warm ochre termite mound in the African savanna at golden hour. The ears: the defining feature — tall, pointed, tipped with 5cm black hair tufts that extend above the ear tips, backlit by the setting sun so the black tufts glow at their edges. The tawny-rust coat: short, dense, glowing warm amber-orange in the horizontal golden hour light from the right. The amber eyes: intense, focused directly at camera, with the characteristic dark tear-line markings running from inner eye corner to the nose. The termite mound: solid ochre earth, 1.5 metres high, the caracal standing at the highest point. The savanna: golden grass stretching in every direction, two scattered umbrella acacia trees in the middle distance. Shot from slightly below eye level, the caracal commanding from the mound. No people. 8k, African savanna golden hour wildlife photography, caracal ear tufts backlit, termite mound.","Ears like antennas. Eyes like fire.","Ready","Day 2 — Thu June 19","Slot-2","9:30am"
"11","Future Living & Off-Grid Tech","Float Plane Glass Cabin Lake Tahoe Dock | Aviation Off-Grid Living 2026","Save this for your float plane architecture and aviation off-grid board. A Cessna 185 float plane moored at the dock of a full-glass cabin on the shore of Lake Tahoe — the float plane and the glass cabin sharing the same dock, the same shoreline, the same sapphire-blue alpine water. This is the highest expression of the Aircraft affinity signal — the float plane is not just transportation, it is architecture. The dock: Douglas fir and marine steel, wide enough for the Cessna's floats on one side and the glass cabin's entry path on the other. The glass cabin: full transparency, warm amber interior, EcoFlow solar system on the roof. The Cessna 185: classic bush plane, high-wing, on EDO floats, white with a thin red stripe. Lake Tahoe: crystal-clear sapphire blue, Sierra Nevada granite peaks behind, snowcapped. This is what off-grid means when the grid is 45 minutes by air. Save this. #FloatPlane #LakeTahoe #GlassArchitecture #AviationLife #OffGridLiving #FutureLiving #SierraNevada","Cessna 185 float plane on EDO floats moored at Douglas fir and marine steel dock shared with full-glass cabin on Lake Tahoe shore, sapphire-blue crystal-clear alpine water, Sierra Nevada granite peaks snowcapped behind, warm amber cabin interior visible, EcoFlow solar roof, classic white and red stripe bush plane","Hyper-realistic 9:16 vertical photo, Style A Quiet Luxury. A Cessna 185 float plane moored at a Douglas fir and marine steel dock on the shore of Lake Tahoe. The float plane: classic high-wing bush plane on EDO floats, white fuselage with a thin red stripe, moored on the right side of the dock. The dock: wide, Douglas fir planking on marine steel frame, extending into the sapphire-blue Lake Tahoe water. On the left side of the dock: the entry path to a full-glass cabin set back on the shore. The glass cabin: full transparency, warm amber interior visible (minimal furnishings, EcoFlow Delta Pro with green LED on floor), solar panel array on the south-facing roof. Lake Tahoe: crystal-clear sapphire blue, the water so clear the rocky lake bed is visible near shore. Behind: Sierra Nevada granite peaks, snowcapped, pale cream-grey in morning alpine light. The float plane and the cabin share the dock — they are one system. No people visible. 8k, cinematic aviation architecture photography, float plane and glass cabin, Lake Tahoe sapphire.","45 minutes by air. Zero grid.","Ready","Day 2 — Thu June 19","Slot-3","11:00am"
"12","Smart Pet Wellness","German Shorthaired Pointer Oregon Dunes Sprint | Bird Dog Coast 2026","Save this for your German Shorthaired Pointer and coastal adventure dog board. A German Shorthaired Pointer at full sprint across the windswept sand dunes of the Oregon Coast — the lean, muscular liver-and-white ticked coat stretched at peak stride, all four paws off the sand, the dune grass blowing horizontal in the coastal wind. The GSP is the ultimate versatile hunting dog — bred to point, retrieve, and run all day without tiring. On the Oregon Coast dunes at golden hour, the liver-brown patches against the pale sand and the golden light creates a study in warm-tone monochrome. The dunes: pale gold Oregon Coast sand, wind-sculpted ridgelines, dune grass bent by the Pacific wind. The coastal sky: dramatic, fast-moving clouds, golden hour light breaking through. Behind: the Pacific visible as a silver-blue line at the dune crest. Save this for your adventure dog and Oregon coast board. #GermanShorthairedPointer #OregonCoast #AdventureDog #BirdDog #DogPhotography #CoastalAdventure #GSP","German Shorthaired Pointer at full sprint across Oregon Coast wind-sculpted sand dunes, lean muscular liver-and-white ticked coat at peak stride with all four paws airborne, dune grass blowing horizontal in coastal wind, golden hour light breaking through fast-moving clouds, Pacific silver-blue at dune crest","Hyper-realistic 9:16 vertical photo, Style A Quiet Luxury. A German Shorthaired Pointer at full sprint across the Oregon Coast dunes at golden hour. All four paws off the pale gold sand at peak stride — the lean, muscular body fully extended. The coat: liver-brown and white ticked pattern — the liver-brown patches rich and warm in the golden light, the white ticking visible across the flanks. The dune grass: blowing horizontal in the strong Pacific coastal wind. The dunes: pale gold Oregon Coast sand, wind-sculpted ridge lines creating diagonal shadow patterns. Golden hour light breaking through fast-moving dramatic clouds above. Behind the dog at the dune crest: the Pacific Ocean visible as a silver-blue horizontal line. The dog's ears: flying back in the sprint, the expression pure athletic focus. Shot from dune level, slightly below the dog. No people or leash. 8k, Oregon Coast golden hour adventure dog photography, GSP liver coat, wind-sculpted dunes.","Liver coat. Salt wind. All out.","Ready","Day 2 — Thu June 19","Slot-4","12:30pm"
"13","Future Living & Off-Grid Tech","Welded Black Steel Bridge Cabin Forest Gorge | Industrial Span Architecture 2026","Save this for your industrial bridge architecture and black steel cabin board. A welded black steel bridge cabin spanning a forest gorge in the Colorado Rockies — the cabin is the bridge, the bridge is the cabin, the entire structure suspended between two granite walls above a rushing mountain stream 30 metres below. The black steel: raw, welded, the weld seams visible and intentional — this is honest industrial architecture, not polished minimalism. The glass floor section in the cabin centre: the gorge and the white water visible directly below. The interior visible through glass end-walls: warm amber glow, a single room, suspended platform bed, EcoFlow whole-home system. The gorge: narrow, granite walls on both sides, aspen trees at the rim, the stream white and fast below. This is the intersection of Metal Art and Cantilevered Architecture drama — the structure is both the art and the engineering. Save this. #BlackSteel #BridgeCabin #IndustrialArchitecture #ColoradoRockies #OffGridLiving #FutureLiving #MetalArt","Welded black steel bridge cabin spanning narrow Colorado Rockies forest gorge between two granite walls, weld seams visible, glass floor section showing rushing white water stream 30m below, warm amber interior through glass end-walls, aspen trees at gorge rim, EcoFlow whole-home system visible","Hyper-realistic 9:16 vertical photo, Style A Quiet Luxury. A welded black steel bridge cabin spans a narrow forest gorge in the Colorado Rockies. The cabin-bridge: a single steel-framed rectangular volume, welded black steel beams and columns, the weld seams visible and intentional — raw industrial construction. The cabin rests on two granite gorge walls, spanning the void between. Glass end-walls on both short sides: the warm amber interior visible (suspended platform bed, minimal furnishings, EcoFlow whole-home system with green LED). A glass floor section at the cabin centre: the gorge visible directly below — a rushing white water mountain stream 30 metres down, the granite gorge walls on both sides. At the gorge rim: aspen trees, the leaves pale green in the Colorado summer light. The granite walls: grey, striated, ancient. Diffused mountain light. No people visible. 8k, cinematic bridge architecture photography, welded black steel, Colorado gorge span.","The bridge is the home.","Ready","Day 2 — Thu June 19","Slot-5","2:00pm"
"14","Smart Pet Wellness","Bengal Cat Glass Shelf Treehouse | Spotted Luxury Indoor Cat 2026","Save this for your Bengal cat and luxury architectural interior board. A Bengal cat on a cantilevered glass shelf inside a glass treehouse pod — the extraordinary spotted rosette coat (dark spots on warm golden-orange base, the rosettes outlined and hollow like a jaguar's) lit by filtered forest canopy light streaming through the treehouse glass. The Bengal is the domestic breed closest to a wild cat in appearance — the rosette pattern, the muscular build, the alert predator posture. On a cantilevered glass shelf inside a treehouse, with forest light painting the spotted coat, it looks like a miniature leopard in its natural habitat. The treehouse: glass-walled pod, the forest canopy visible outside — Douglas fir, dappled green light. The glass shelf: cantilevered from the wall, transparent, the cat appearing to float. Below: the forest floor visible through the glass, 12 metres down. Save this for your exotic cat and treehouse aesthetic board. #BengalCat #LuxuryCat #Treehouse #SpottedCat #IndoorCat #CatPhotography #ArchitecturalCat","Bengal cat with dark spotted rosette coat on cantilevered transparent glass shelf inside glass treehouse pod, warm golden-orange base coat with hollow jaguar-like rosettes lit by dappled forest canopy light, muscular alert posture, forest canopy visible through glass walls, forest floor 12m below through glass","Hyper-realistic 9:16 vertical photo, Style A Quiet Luxury. A Bengal cat sits in alert posture on a cantilevered glass shelf inside a glass treehouse pod. The coat: the defining feature — warm golden-orange base with dark spotted rosettes, each rosette hollow and outlined like a jaguar's markings, the pattern unique and visually complex. The muscular build: compact, athletic, visible through the short dense coat. Filtered forest canopy light streams through the glass treehouse walls, dappling the spotted coat with moving green-gold light patterns. The glass shelf: cantilevered from the interior wall, completely transparent — the cat appearing to float. Through the glass walls: Douglas fir canopy, the trees massive, dappled green light. Through the glass below: the forest floor visible 12 metres down, sword ferns and moss. The Bengal: looking outward through the glass at a bird in the canopy, the predator attention visible in the forward-leaning posture. No people. 8k, luxury interior cat photography, Bengal rosette coat, treehouse canopy light.","Spotted coat. Glass shelf. Twelve metres.","Ready","Day 2 — Thu June 19","Slot-6","3:30pm"
"15","Build. Scale. Ship. — Software Studio","Restaurant App Dashboard Studio | Hospitality Software Build 2026","Save this for your restaurant technology and hospitality management board. A clean modern studio workspace at dusk — the main monitor showing a custom restaurant ordering and table management app: floor-plan view with table status (green occupied, amber reserved, grey available), live order queue with prep times, daily revenue ticker showing $6,280 lunch service. This is what happens when a restaurant stops juggling paper orders, WhatsApp reservations, and mental table tracking — everything in one system. The interface: clean, dark mode, designed for a kitchen environment where glare kills efficiency. The studio: the second monitor showing the customer-facing mobile ordering interface in Figma. Through glass behind: a city at dusk, warm lights. Save this for your hospitality tech and restaurant management board. #RestaurantSoftware #HospitalityTech #TableManagement #RestaurantManagement #CustomSoftware #SoftwareStudio #BusinessTech","Modern studio workspace at dusk with main monitor showing custom restaurant ordering and table management app — floor-plan view with colour-coded table status, live order queue with prep times, daily revenue ticker $6280, dark mode UI — secondary monitor with Figma customer mobile ordering interface, city at dusk through glass","Hyper-realistic 9:16 vertical photo, Style A Quiet Luxury. A clean modern studio workspace at dusk. Main monitor: a custom restaurant ordering and table management app in dark mode UI (charcoal background, clean white text, colour-coded status). Visible: restaurant floor-plan view with colour-coded tables (green occupied with order timer, amber reserved with name, grey available), live order queue sidebar (order #47: 2x Margherita, 1x Caesar — prep time 8 min), daily revenue ticker strip (Lunch Service: $6,280 / Covers: 74 / Avg Ticket: $84.86). The dark mode UI designed for kitchen-environment visibility. Secondary monitor: Figma — the customer-facing mobile ordering interface (menu browse, add to cart, table selection). The desk: dark walnut, matte keyboard, a small espresso cup. Through floor-to-ceiling glass: a city at dusk, warm amber-orange lights in buildings. No person visible. 8k, cinematic studio workspace photography, restaurant software UI, dusk city.","74 covers. Zero paper orders.","Ready","Day 2 — Thu June 19","Slot-7","6:30pm"
"16","Build. Scale. Ship. — Software Studio","Why Your Competitor's App Is Stealing Your Clients | Business Tech 2026","Save this for your small business technology and competitive advantage board. Your competitor launched an app. You're still answering WhatsApp messages at 10pm. This is how it happens — not in one dramatic moment, but in 5 small shifts that move clients from your business to theirs. Each shift is driven by convenience, not quality. Your service might be better. But if their booking process is easier, their payment is smoother, and their follow-up is automated — the client goes where the friction is lowest. This infographic shows the 5 silent shifts and what to do about each one. Save this before you lose the next client. #BusinessTech #SmallBusiness #CompetitiveAdvantage #BusinessApp #CustomSoftware #ClientRetention #SoftwareStudio","Dark editorial business infographic showing 5 silent competitive shifts where a competitor's app wins clients through convenience not quality, each shift with comparison (you vs competitor with app), teal solution strip, deep charcoal background — business owner language","Clean editorial infographic, 9:16 vertical, Style B Dynamic Viral. Background: deep charcoal (#0d0d1a). Title bold white: WHY YOUR COMPETITOR'S APP IS STEALING YOUR CLIENTS. Subtitle amber: It's not that they're better. It's that they're easier. Below, 5 silent shifts each with a red (your current state) vs green (competitor with app) comparison: 1 — BOOKING: (RED) You: Client messages on WhatsApp, you reply 2 hours later. (GREEN) Them: Client books in 30 seconds on the app at 11pm. 2 — PAYMENT: (RED) You: Cash or bank transfer with a reference number. (GREEN) Them: One-tap payment in the app. Done. 3 — REMINDERS: (RED) You: You forget to remind. Client forgets to come. (GREEN) Them: Automated SMS 24 hours before. Zero no-shows. 4 — REBOOKING: (RED) You: Client has to message you again to book next time. (GREEN) Them: App suggests rebooking before the client even thinks about it. 5 — TRUST: (RED) You: No reviews, no portfolio, no online presence. (GREEN) Them: 4.8 stars on the app, portfolio visible, instant credibility. Bottom strip (TEAL): You don't need to be better. You need to be easier. A custom app puts your business where your clients already are — on their phone. Footer amber: The business with the better experience keeps the client, even when the service is equal. No photography.","Same quality. Less friction. They win.","Ready","Day 2 — Thu June 19","Slot-8","9:00pm"
"17","Future Living & Off-Grid Tech","Glass Catamaran Platform Cabin Oregon Coast | Twin Hull Living 2026","Save this for your catamaran architecture and coastal floating home board. A glass-walled residential cabin on a twin-hull catamaran platform anchored off the Oregon coast — the wide catamaran beam providing a stable residential footprint, the glass cabin above offering 270-degree Pacific views, the twin hulls visible below the waterline through the clear coastal water. The catamaran platform: marine-grade aluminium hulls, wide beam for stability, a Douglas fir deck between the hulls. The glass cabin: a single open-plan volume — kitchen, sleeping platform, living area, all visible through the glass. EcoFlow Pro with solar panels providing all power. Offshore: the Oregon coast sea stacks visible on the horizon, coastal fog approaching. The ocean: clear enough to see the rocky seabed and kelp below the hull. This is watercraft architecture at sea-going scale — not a lake cabin, but a Pacific residence. Save this. #CatamaranCabin #CoastalArchitecture #FloatingHome #OregonCoast #WatercraftArchitecture #FutureLiving #OffGridLiving","Glass-walled residential cabin on twin-hull aluminium catamaran platform anchored off Oregon coast, 270-degree Pacific views through glass, Douglas fir deck between hulls, EcoFlow solar array, Oregon sea stacks on horizon with approaching coastal fog, clear water showing rocky seabed and kelp below hulls","Hyper-realistic 9:16 vertical photo, Style A Quiet Luxury. A glass-walled residential cabin sits on a twin-hull catamaran platform anchored off the Oregon coast. The catamaran hulls: marine-grade aluminium, painted charcoal grey, visible below the waterline through the clear coastal Pacific water — the rocky seabed and kelp visible below. Between the hulls: a Douglas fir deck, wide and stable. The glass cabin above: a single open-plan volume with 270-degree glass walls — the Pacific visible in every direction. Through the glass: kitchen counter, sleeping platform, living area, EcoFlow Pro with green LED on the floor, solar panel array on the flat roof. Offshore: Oregon coast sea stacks visible on the horizon, coastal fog bank approaching from the northwest. The Pacific: clear, the surface gently rolling, morning coastal light diffused. Anchor chain visible entering the water at the bow. No people visible. 8k, cinematic catamaran architecture photography, Oregon coast sea stacks, Pacific kelp.","Twin hulls. Pacific address.","Ready","Day 3 — Fri June 20","Slot-1","7:30am"
"18","Smart Pet Wellness","Wolverine Alpine Tundra Snowfield | Wilderkind Mountain Predator 2026","Save this for your Wilderkind wolverine and mountain predator board. A wolverine on a Rocky Mountain alpine tundra snowfield at dawn — the dark chocolate-brown coat with the distinctive pale gold lateral stripe running from shoulder to rump, the broad powerful build visible even through the thick fur, the small dark eyes staring directly at camera with the intensity of an animal that regularly drives grizzly bears off their kills. The wolverine is pound-for-pound the most powerful land predator in North America — and one of the rarest to photograph. On an alpine snowfield at dawn, against the white snow, the dark coat and the gold stripe create a composition of pure contrast. The snowfield: high alpine Rocky Mountain tundra, the snow wind-packed and firm, the horizon a jagged line of distant peaks. Dawn light: pale pink-gold, the first light catching the gold lateral stripe. Save this for your rarest Wilderkind board. #Wilderkind #Wolverine #AlpineWildlife #RockyMountains #PredatorPortrait #WildlifePhotography #MountainPredator","Wolverine on Rocky Mountain alpine tundra snowfield at dawn, dark chocolate-brown coat with distinctive pale gold lateral stripe from shoulder to rump, broad powerful build, small dark eyes in direct camera contact, wind-packed snow surface, distant jagged peak skyline, pale pink-gold dawn light catching the gold stripe","Hyper-realistic 9:16 vertical photo, Style A Quiet Luxury. Wilderkind aesthetic. A wolverine stands on a high-altitude Rocky Mountain alpine tundra snowfield at dawn. The coat: the defining feature — dark chocolate-brown over the entire body with a distinctive pale gold lateral stripe running continuously from each shoulder along the flanks to the rump. The build: broad, powerful, stocky — the thick fur making the animal appear even more massive, the powerful forelimbs with large paws visible on the snow surface. The small dark eyes: staring directly at camera with calm, absolute intensity. The snowfield: high alpine tundra, wind-packed firm snow with sastrugi ridges, the horizon a jagged line of Rocky Mountain peaks. Dawn light: pale pink-gold, the first light catching the pale gold lateral stripe and making it glow against the dark brown coat. Shot from ground level, the wolverine low and powerful. No people. 8k, alpine dawn wildlife photography, wolverine gold stripe, Rocky Mountain snowfield.","Pound for pound. No contest.","Ready","Day 3 — Fri June 20","Slot-2","9:30am"
"19","Future Living & Off-Grid Tech","Shou Sugi Ban Cedar A-Frame Colorado | Charred Timber Mountain Cabin 2026","Save this for your shou sugi ban architecture and charred timber cabin board. A shou sugi ban charred cedar A-frame cabin in the Colorado Rockies — the exterior clad entirely in Japanese-charred western red cedar, the deep black carbonised surface with its characteristic alligator-skin cracking pattern, the silver-grey weathering visible at the most exposed wind-facing panels. Shou sugi ban is the 800-year-old Japanese technique of charring wood to make it naturally waterproof, insect-resistant, and fire-retardant — the charring creates both the protection and the beauty. The A-frame: a steep pitch for Colorado snow load, a full-height glass gable facing a mountain valley. Through the glass gable: warm amber interior, exposed cedar rafters (uncharred, natural), EcoFlow system. The Colorado setting: an aspen grove, the trees white-barked, a mountain stream nearby. Save this for your timber technique and Japanese architecture board. #ShouSugiBan #CharredCedar #TimberArchitecture #ColoradoRockies #JapaneseJoinery #FutureLiving #WoodArchitecture","Shou sugi ban charred western red cedar A-frame cabin in Colorado Rockies aspen grove, deep black carbonised exterior with alligator-skin cracking pattern and silver-grey wind-weathering, steep pitch for snow load, full-height glass gable showing warm amber interior with exposed natural cedar rafters and EcoFlow, white-barked aspens, mountain stream","Hyper-realistic 9:16 vertical photo, Style A Quiet Luxury. A shou sugi ban charred cedar A-frame cabin sits in a Colorado Rockies aspen grove. The exterior: entirely clad in Japanese-charred western red cedar — the surface deep black with the characteristic alligator-skin cracking pattern of the carbonised wood. At the most wind-exposed panels: the black has weathered to silver-grey, creating a natural gradient from black to silver. The A-frame: steep pitch for Colorado mountain snow load. The front gable: full-height glass, revealing the warm amber interior — exposed cedar rafters (uncharred, natural warm cedar colour) contrasting with the charred exterior, EcoFlow system with green LED on the floor. The Colorado setting: an aspen grove, white-barked trunks in every direction, pale green leaves. A mountain stream: visible running past the cabin's foundation stones. Golden hour side-light from the left. No people visible. 8k, cinematic charred timber architecture photography, shou sugi ban texture, Colorado aspen grove.","800 years of Japanese fire science.","Ready","Day 3 — Fri June 20","Slot-3","11:00am"
"20","Smart Pet Wellness","Belgian Malinois Mountain Stream Leap | Working Dog Colorado 2026","Save this for your Belgian Malinois and mountain adventure dog board. A Belgian Malinois mid-leap over a rushing Colorado mountain stream — the lean, hard-muscled body fully extended at the apex of the leap, the short fawn coat with black mask and black ear tips sharp against the white water below. The Belgian Malinois is the most athletic working dog breed on Earth — used by military and police worldwide for a reason. On a Colorado mountain stream, mid-leap over white water with granite boulders, it is raw athletic perfection. The stream: fast, cold, Colorado snowmelt, white water over granite boulders. The leap: captured at the exact apex — maximum extension, all four paws off the ground, the gap between departure and landing rock visible. The Colorado Rockies behind: aspen and spruce forest, mountain peaks. Golden hour light raking across the stream. Save this for your working dog and Colorado adventure board. #BelgianMalinois #ColoradoAdventure #AdventureDog #WorkingDog #DogPhotography #MountainStream #K9","Belgian Malinois mid-leap at apex over rushing Colorado mountain stream white water, lean hard-muscled body fully extended, short fawn coat with black mask and black ear tips, granite boulders below, aspen and spruce forest with Colorado peaks behind, golden hour raking light","Hyper-realistic 9:16 vertical photo, Style A Quiet Luxury. A Belgian Malinois at the exact apex of a mid-leap over a rushing Colorado mountain stream. The body: fully extended, lean and hard-muscled, all four paws off the ground at maximum extension — the gap between the departure boulder and the landing boulder visible below. The coat: short, dense fawn (warm tan) with a black mask covering the face, black ear tips, the short fur showing every muscle definition. The stream below: fast, cold, Colorado snowmelt white water rushing over grey granite boulders, spray visible. Behind: Colorado Rockies mountain backdrop — aspen trees with white bark, spruce forest, mountain peaks. Golden hour light from the right, raking horizontally across the stream and the dog, creating rim-light on the lean body. Shot from stream level, the dog overhead against the mountain sky. No people or leash. 8k, Colorado mountain adventure dog photography, Belgian Malinois leap apex, white water.","Maximum extension. Zero hesitation.","Ready","Day 3 — Fri June 20","Slot-4","12:30pm"
"21","Future Living & Off-Grid Tech","Corten Steel Pod Trailer Joshua Tree | Expedition Camper Architecture 2026","Save this for your expedition camper and desert off-grid architecture board. A Corten steel expedition pod trailer in the Joshua Tree desert at sunrise — the pod a compact architectural volume on a single-axle off-road trailer chassis, the Corten exterior weathered to warm amber-brown, the pod's single glass side-panel revealing a compact interior (fold-down bed, galley, EcoFlow Delta Pro powering everything). The Joshua Tree desert at sunrise: the Joshua trees silhouetted against a pale peach sky, the desert floor in warm amber first light. The Corten pod: architectural in its proportions — not a generic camper shape but a deliberate design object, the steel weathering into the desert palette. The off-road chassis: heavy-duty, aired-down all-terrain tyres, the trailer unhitched and parked on the desert floor. This is mobile architecture for Campers & RV affinity — off-grid, self-sufficient, beautiful in the landscape. Save this. #CamperLife #ExpeditionTrailer #CortenSteel #JoshuaTree #OffGridCamper #FutureLiving #DesertArchitecture","Corten steel expedition pod trailer on single-axle off-road chassis in Joshua Tree desert at sunrise, warm amber-brown weathered steel, single glass side-panel showing compact interior with fold-down bed and EcoFlow Delta Pro, Joshua trees silhouetted against pale peach sunrise sky, heavy-duty aired-down tyres","Hyper-realistic 9:16 vertical photo, Style A Quiet Luxury. A Corten steel expedition pod trailer parked on the Joshua Tree desert floor at sunrise. The pod: a compact architectural volume — not a conventional camper shape but a deliberate rectangular design object with radiused corners, on a heavy-duty single-axle off-road trailer chassis with aired-down all-terrain tyres. The Corten exterior: weathered to warm amber-brown, the oxidation even and rich. A single glass side-panel: revealing the compact interior — a fold-down bed in sleeping position, a small galley counter, EcoFlow Delta Pro with green LED on the floor, solar panel on the pod roof angled south. The Joshua Tree desert at sunrise: Joshua trees silhouetted against a pale peach-orange sunrise sky, the desert floor in warm amber first light, creosote brush scattered. The trailer: unhitched, parked, the hitch coupler resting on a ground jack. No people visible. 8k, cinematic desert expedition architecture photography, Corten pod, Joshua Tree sunrise.","Steel box. Desert floor. No tow vehicle.","Ready","Day 3 — Fri June 20","Slot-5","2:00pm"
"22","Smart Pet Wellness","Red Fox Autumn Maple Forest Dawn | Wilderkind Forest Predator 2026","Save this for your Wilderkind red fox and autumn forest wildlife board. A red fox in a PNW autumn bigleaf maple forest at dawn — the extraordinary orange-red coat matching the fallen maple leaves perfectly, the black leg stockings visible, the white-tipped tail held low, the amber eyes looking directly at camera with the calm intelligence of an animal that has survived in every landscape on Earth. The red fox is the most widely distributed wild carnivore on the planet — and in an autumn Pacific Northwest maple forest at dawn, when the coat and the leaves are the same shade of burning orange, it vanishes into its environment until the eyes give it away. The forest floor: a carpet of fallen bigleaf maple leaves in orange, amber, and crimson. The dawn light: warm, low-angled, filtering through the remaining canopy. Save this for your autumn wildlife and forest aesthetic board. #Wilderkind #RedFox #AutumnWildlife #PNWForest #FoxPortrait #WildlifePhotography #ForestPredator","Red fox in PNW autumn bigleaf maple forest at dawn, orange-red coat matching fallen maple leaves, black leg stockings visible, white-tipped tail held low, amber eyes in direct camera contact, carpet of orange-amber-crimson maple leaves, warm low-angled dawn light filtering through remaining canopy","Hyper-realistic 9:16 vertical photo, Style A Quiet Luxury. Wilderkind aesthetic. A red fox stands in a Pacific Northwest autumn bigleaf maple forest at dawn. The coat: the defining feature — rich orange-red, matching the fallen maple leaves on the forest floor so closely the fox nearly vanishes into the scene. The black leg stockings: visible from paw to mid-leg, a sharp contrast. The white-tipped tail: held low, the white tip bright against the orange leaf carpet. The amber eyes: staring directly at camera with calm, intelligent focus. The forest floor: a thick carpet of fallen bigleaf maple leaves in orange, amber, and crimson — the fox standing in the middle of this warm-toned carpet. The dawn light: warm, low-angled, filtering through the remaining canopy above, creating light shafts through the forest. Shot from ground level, the fox at eye height. No people. 8k, autumn dawn forest wildlife photography, red fox in matching maple leaves, warm light shafts.","Same colour. Different predator.","Ready","Day 3 — Fri June 20","Slot-6","3:30pm"
"23","Build. Scale. Ship. — Software Studio","Client Growth Dashboard Studio | Analytics Software Build 2026","Save this for your business analytics and client growth dashboard board. A premium studio workspace at morning light — the main monitor showing a client analytics dashboard: 90-day growth trajectory graph (revenue line climbing from $18K to $34K), client acquisition funnel (leads → demos → conversions), churn rate card showing 2.1% (industry average 5.4%), lifetime value calculator. This is the dashboard a software studio builds for a client who said 'I don't know if my business is growing' — and now they know exactly. The interface: clean, white background with teal data visualisation, amber highlights on key numbers. The studio: a second monitor showing the backend code (React + Node) for the same dashboard. Through glass: morning light, trees visible. Save this for your business intelligence and analytics board. #BusinessAnalytics #DashboardDesign #ClientGrowth #CustomSoftware #SoftwareStudio #DataDriven #BusinessIntelligence","Modern studio workspace at morning light with main monitor showing client analytics dashboard — 90-day revenue growth line from $18K to $34K, client acquisition funnel, churn rate 2.1% vs 5.4% industry, LTV calculator — secondary monitor with React backend code, trees visible through glass, morning light","Hyper-realistic 9:16 vertical photo, Style A Quiet Luxury. A premium studio workspace at morning light. Main monitor: a client analytics dashboard in clean white background with teal data visualisation. Visible: 90-day revenue growth trajectory graph (a clear upward line from $18,000 to $34,000 with monthly markers), client acquisition funnel (Leads: 340 → Demos: 48 → Conversions: 22 — conversion rate 6.5%), churn rate card (This Month: 2.1% in green, Industry Avg: 5.4% in amber), customer lifetime value calculator ($2,840 LTV displayed). The interface: clean, professional, teal line graphs, amber accent numbers. Secondary monitor: backend code for the dashboard — React components visible, a Node.js API endpoint file. The desk: light oak, clean, a pour-over coffee. Through glass behind: morning light, green deciduous trees visible. No person visible. 8k, cinematic studio workspace photography, analytics dashboard, morning light.","From 'I think' to 'I know'.","Ready","Day 3 — Fri June 20","Slot-7","6:30pm"
"24","Build. Scale. Ship. — Software Studio","How Much a Bad Booking System Actually Costs You Per Month | Fix 2026","Save this for your booking system and service business management board. Most service businesses think their booking system is free because they use WhatsApp and a notebook. It is not free. It costs them money every single day — in missed appointments, double bookings, no-shows, and admin hours. This infographic adds up the real monthly cost of a manual booking process for a typical service business doing 20 appointments a day. The number is uncomfortable. The fix is not. Save this before your next no-show. #BookingSystem #ServiceBusiness #BusinessSoftware #AppointmentManagement #SmallBusiness #BusinessTech #SoftwareStudio","Dark editorial infographic calculating the real monthly cost of a manual booking system for a 20-appointment-per-day service business, line-item cost breakdown with red totals, teal comparison showing proper system cost, deep charcoal background — real numbers, business language","Clean editorial infographic, 9:16 vertical, Style B Dynamic Viral. Background: deep charcoal (#0d0d1a). Title bold white: HOW MUCH A BAD BOOKING SYSTEM ACTUALLY COSTS YOU PER MONTH. Subtitle amber: You think it's free. Let's do the maths. Below, a line-item cost breakdown with red values for a business doing 20 appointments/day: NO-SHOWS (RED: $1,800/month): 3 no-shows per week × average ticket $150 = $1,800 in lost revenue. You have no automated reminder system. DOUBLE BOOKINGS (RED: $600/month): 2 double-bookings per month cause refunds, rescheduling, and client frustration. ADMIN HOURS (RED: $1,200/month): You or your staff spend 2 hours per day managing bookings on WhatsApp, phone, and notebook. That's 40+ hours/month of time not spent on revenue. LATE CANCELLATIONS (RED: $900/month): Clients cancel with less than 2 hours notice. No system to fill the gap. TOTAL RED LINE: $4,500/month in invisible costs. Below (TEAL comparison box): A PROPER BOOKING SYSTEM COSTS: $200–$500/month. Automated reminders. Zero double bookings. Gap-filling. Revenue tracking. ROI: 9x–22x return. Footer amber: The most expensive software is the one you don't have. No photography.","$4,500. Every month. Invisible.","Ready","Day 3 — Fri June 20","Slot-8","9:00pm"
"25","Future Living & Off-Grid Tech","Glass Floating Sauna Sierra Nevada Alpine Lake | Mirror Water Wellness 2026","Save this for your floating sauna and alpine wellness architecture board. A glass-walled floating sauna on a mirror-still Sierra Nevada alpine lake at dawn — the sauna a compact glass-and-cedar volume on a single steel pontoon platform, steam rising from a cold-plunge opening in the deck directly into the lake, the entire scene reflected in perfect symmetry below. This combines the #1 visual formula (glass + water + mirror symmetry) with a new architectural function — wellness. The sauna: cedar interior visible through the glass walls, the warm amber glow of heated cedar, a Corten steel wood-burning stove inside. The cold plunge: a rectangular opening cut into the Douglas fir deck, the alpine lake water accessible directly from the sauna. The lake: mirror-still, the Sierra Nevada granite peaks reflected below. EcoFlow battery backup on the platform. Save this for your floating wellness and alpine architecture dream board. #FloatingSauna #AlpineWellness #GlassArchitecture #SierraNevada #WatercraftArchitecture #FutureLiving #MirrorWater","Glass-walled floating sauna on steel pontoon platform on mirror-still Sierra Nevada alpine lake at dawn, cedar interior with warm amber glow and Corten wood stove visible through glass, cold-plunge deck opening into lake with steam rising, perfect mirror reflection of sauna and granite peaks below, EcoFlow backup","Hyper-realistic 9:16 vertical photo, Style A Quiet Luxury. A glass-walled floating sauna sits on a single steel pontoon platform on a mirror-still Sierra Nevada alpine lake at dawn. The sauna: a compact glass-and-cedar volume — the cedar interior visible through the glass walls (warm amber cedar walls, a Corten steel wood-burning stove with chimney pipe, bench seating). Steam: rising from the sauna chimney and from a rectangular cold-plunge opening cut into the Douglas fir deck — the alpine lake water accessible directly from the deck. The pontoon: low-profile marine steel, barely visible at the waterline. The lake: perfectly mirror-still — the glass sauna, the steam, and the Sierra Nevada granite peaks all reflected in perfect inverted symmetry below. Dawn mist at water level creating a soft white line between reality and reflection. EcoFlow battery with green LED on the platform. No people visible. 8k, cinematic alpine floating sauna photography, mirror reflection symmetry, Sierra Nevada dawn.","Sauna. Cold plunge. Mirror lake.","Ready","Day 4 — Mon June 23","Slot-1","7:30am"
"26","Smart Pet Wellness","Arctic Fox Coastal Tundra Winter Coat | Wilderkind Arctic Predator 2026","Save this for your Wilderkind arctic fox and arctic wildlife board. An arctic fox in full white winter coat on the Alaskan coastal tundra — the coat so perfectly white it is visible only by the shadow it casts on the snow beneath, the small black nose and the dark amber eyes the only contrast on the entire animal. The arctic fox has the warmest fur of any mammal on Earth — it does not begin to shiver until minus 70 degrees Celsius. On the Alaskan coastal tundra, with the grey Arctic Ocean visible behind and a pale winter sky above, the white coat against the white snow creates a near-invisible predator. The tundra: flat, windswept, thin snow cover over frozen ground. The Alaskan coast: grey ocean, ice floes barely visible offshore. The winter sky: pale white-grey, low horizon. The only colour: the black nose tip and the dark amber eyes. Save this. #Wilderkind #ArcticFox #ArcticWildlife #Alaska #WinterWildlife #PredatorPortrait #WildlifePhotography","Arctic fox in full white winter coat on flat Alaskan coastal tundra, coat so white visible only by shadow on snow, small black nose and dark amber eyes as only contrast, grey Arctic Ocean behind with distant ice floes, pale winter sky, thin windswept snow over frozen ground","Hyper-realistic 9:16 vertical photo, Style A Quiet Luxury. Wilderkind aesthetic. An arctic fox sits on the flat Alaskan coastal tundra in full white winter coat. The coat: the defining feature — so perfectly pure white it merges with the snow, the animal visible primarily by the soft shadow it casts on the snow surface beneath it. The small round face: white, with a small black nose tip — the only hard contrast point. The dark amber eyes: small, calm, staring directly at camera with patient arctic predator focus. The ears: small, round, furry — evolved to minimise heat loss. The tundra: flat, windswept, thin snow cover over frozen ground. Behind: the grey Alaskan Arctic Ocean, distant ice floes barely visible on the horizon. The sky: pale white-grey, low winter Arctic sky. Cool blue-silver winter light from the diffused sky above. Shot from ground level, the fox at eye height. No people. 8k, arctic tundra wildlife photography, arctic fox white coat on white snow, near-invisible predator.","White on white. Only the eyes give it away.","Ready","Day 4 — Mon June 23","Slot-2","9:30am"
"27","Future Living & Off-Grid Tech","Raw I-Beam Steel Cantilever Studio Moab | Canyon Edge Architecture 2026","Save this for your cantilevered architecture and Moab canyon design board. A raw I-beam steel cantilever studio extending over the edge of a Moab canyon — the studio cantilevered 8 metres over the void, the structural I-beams exposed and visible, the glass floor at the cantilever tip showing 150 metres of canyon depth below. The steel: raw, unfinished, the I-beam flanges and web visible at every structural point, the welded gusset plates honest about where the forces concentrate. The cantilever tip: a glass floor and glass walls — the Navajo sandstone canyon visible in every direction, the Colorado River a green ribbon far below. Inside the studio: a drafting table, an EcoFlow Pro, warm amber lighting. The Moab canyon: red-orange Navajo sandstone, the layers of geological time visible in the canyon walls. This is Metal Art meets extreme cantilever — architecture that teaches you about structure. Save this. #CantileveredArchitecture #MoabCanyon #IBeamSteel #MetalArt #OffGridStudio #FutureLiving #CanyonArchitecture","Raw I-beam steel cantilever studio extending 8 metres over Moab canyon edge, exposed structural I-beams with visible welded gusset plates, glass floor at cantilever tip showing 150m canyon depth, Navajo sandstone red-orange canyon walls, Colorado River green ribbon far below, warm amber studio interior with EcoFlow Pro","Hyper-realistic 9:16 vertical photo, Style A Quiet Luxury. A raw I-beam steel cantilever studio extends 8 metres over the edge of a Moab canyon. The structure: exposed raw steel I-beams — the flanges, web, and welded gusset plates all visible, the structural logic completely legible. The cantilever: anchored to the canyon rim rock with steel base plates bolted to the Navajo sandstone. At the cantilever tip: glass floor and glass walls — looking straight down through the glass floor shows 150 metres of canyon depth, the red-orange Navajo sandstone layers of the canyon walls, the Colorado River visible as a green ribbon far below. Inside the studio: a drafting table facing the canyon view, EcoFlow Pro with green LED on the floor, warm amber task lighting. The Moab landscape: red-orange Navajo sandstone in every direction, the geological layering visible in the canyon walls. Harsh noon raking desert light from above. No people visible. 8k, cinematic canyon cantilever architecture photography, I-beam steel, Moab sandstone.","Eight metres of void below your feet.","Ready","Day 4 — Mon June 23","Slot-3","11:00am"
"28","Smart Pet Wellness","Alaskan Malamute Sierra Nevada Snow Trail | Heavy Dog Mountain 2026","Save this for your Alaskan Malamute and mountain winter adventure dog board. An Alaskan Malamute at full trot on a Sierra Nevada snowfield at morning — the massive double coat (silver-grey and white in the classic wolf-grey colourway) catching the pale alpine morning light, the broad chest and powerful shoulder muscles visible beneath the thick fur, the dark almond-shaped eyes calm and forward-focused on the trail. The Alaskan Malamute is the largest and most powerful of the northern sled dog breeds — bred not for speed but for hauling heavy loads through deep snow. On a Sierra Nevada snowfield, it looks exactly like what it is: the original heavy freight engine of the Arctic, relocated to an alpine paradise. The snowfield: firm, pale morning light, the Sierra Nevada granite peaks behind in pale blue-grey. The trail: a packed snowshoe trail winding through lodgepole pines. Save this for your northern breed and mountain adventure board. #AlaskanMalamute #SierraNevada #AdventureDog #NorthernBreed #DogPhotography #SnowDog #WinterAdventure","Massive Alaskan Malamute at full trot on Sierra Nevada snowfield in pale alpine morning light, silver-grey and white classic wolf-grey double coat, broad chest and powerful shoulders visible, dark almond-shaped eyes calm and forward, lodgepole pine snowshoe trail, granite peaks in pale blue-grey behind","Hyper-realistic 9:16 vertical photo, Style A Quiet Luxury. An Alaskan Malamute at full trot on a Sierra Nevada snowfield at morning. The massive body: broad chest, powerful shoulders and forelimbs, the thick double coat making the already large dog appear even more imposing. The coat: classic wolf-grey colourway — silver-grey guard hairs over dense white undercoat, the face with a white cap and bar, dark mask around the almond-shaped eyes. The pale alpine morning light: catching the silver guard hairs, creating a rim-light effect on the shoulders and spine. The snowfield: firm, undisturbed, the dog's trot leaving clean paw prints in the snow. Behind: Sierra Nevada granite peaks in pale blue-grey, lodgepole pines lining a packed snowshoe trail. The dog at full trot — not sprinting, but moving with powerful, effortless freight-hauling gait. Shot from trail level, slightly below the dog. No people or leash. 8k, Sierra Nevada alpine adventure dog photography, Alaskan Malamute trot, snow trail.","Built for freight. Made for mountains.","Ready","Day 4 — Mon June 23","Slot-4","12:30pm"
"29","Future Living & Off-Grid Tech","Float Plane Hangar Glass Conversion Olympic Peninsula | Aviation Home 2026","Save this for your aviation architecture and float plane hangar conversion board. A vintage float plane hangar converted into a full-glass residential loft on the Olympic Peninsula coast — the original steel hangar frame preserved, the corrugated walls replaced with floor-to-ceiling glass, the hangar door opening directly onto a float plane dock where a de Havilland Beaver floats on the grey PNW coastal water. The hangar: the original Corten-rusted steel frame visible overhead, the new glass walls filling every bay. The residential conversion: open-plan loft below the hangar frame — kitchen, sleeping platform, EcoFlow whole-home system. The dock: Douglas fir, extending from the hangar door directly over the water. The float plane: the classic de Havilland Beaver, yellow, on EDO floats. The Olympic Peninsula coast: grey water, spruce forest, coastal fog. This is Aircraft affinity plus industrial architecture — the best of both signals. Save this. #FloatPlane #HangarConversion #AviationLife #OlympicPeninsula #OffGridLiving #FutureLiving #IndustrialArchitecture","Vintage float plane hangar converted to glass residential loft on Olympic Peninsula coast, original Corten-rusted steel hangar frame preserved with floor-to-ceiling glass walls, hangar door opening to Douglas fir dock, yellow de Havilland Beaver on EDO floats, open-plan loft interior with EcoFlow, grey coastal water, spruce forest, fog","Hyper-realistic 9:16 vertical photo, Style A Quiet Luxury. A vintage float plane hangar converted into a residential loft on the Olympic Peninsula coast. The hangar structure: the original steel frame — Corten-rusted I-beams and purlins visible overhead, the industrial bones preserved. The walls: the original corrugated steel removed, replaced with floor-to-ceiling glass panels in every bay — the grey PNW coastal water and spruce forest visible through every wall. The hangar door: rolled open, revealing a Douglas fir dock extending directly over the water. On the dock: a de Havilland Beaver float plane, classic yellow, on EDO floats, moored with dock lines. The residential interior below the hangar frame: open-plan loft — kitchen island, sleeping platform on a mezzanine, EcoFlow whole-home system with green LED on the ground floor. The Olympic Peninsula coast: grey water, dense Sitka spruce forest, coastal fog threading through the trees. Diffused coastal fog light. No people visible. 8k, cinematic hangar conversion aviation architecture photography, Olympic Peninsula, Corten frame.","The hangar is the house now.","Ready","Day 4 — Mon June 23","Slot-5","2:00pm"
"30","Smart Pet Wellness","Abyssinian Cat Skylight Dome Glass Cabin | Indoor Luxury Cat 2026","Save this for your Abyssinian cat and architectural interior board. An Abyssinian cat on a circular platform directly below a circular glass skylight dome in a glass cabin — the ticked ruddy coat (each individual hair banded with alternating warm cinnamon and dark brown, creating a shimmering wild-rabbit effect) lit from directly above by the skylight, the light creating a perfect circle of illumination around the cat. The Abyssinian is one of the oldest known domestic breeds — the ticked coat is genetically unique, each hair banded multiple times, creating a coat that shimmers as the cat moves. Below the circular skylight, on a circular platform, with the overhead light creating a spotlight effect, the Abyssinian looks like what it may well be: a direct descendant of the sacred cats of ancient Egypt. The glass cabin: minimal, the skylight dome the dominant feature. The circular platform: walnut, polished. Save this. #AbyssinianCat #LuxuryCat #GlassCabin #Skylight #IndoorCat #CatPhotography #AncientBreed","Abyssinian cat with ticked ruddy coat on circular walnut platform directly below circular glass skylight dome in glass cabin, each hair banded with alternating warm cinnamon and dark brown creating shimmer, overhead skylight creating perfect circle of illumination, alert upward gaze, minimal glass interior","Hyper-realistic 9:16 vertical photo, Style A Quiet Luxury. An Abyssinian cat sits on a circular polished walnut platform directly below a circular glass skylight dome inside a minimal glass cabin. The ticked ruddy coat: the defining feature — each individual hair banded with alternating warm cinnamon and dark brown segments, creating a shimmering, agouti effect across the entire body. The overhead skylight: a circular glass dome, the sky visible through it, the light from the skylight creating a perfect circle of illumination on and around the cat — spotlight effect. The Abyssinian: slender, alert, the large almond-shaped amber-green eyes looking upward at a bird on the skylight dome exterior. The ears: large, alert, tilted forward. The circular walnut platform: polished, positioned precisely below the skylight centre. The glass cabin interior: minimal, clean, the skylight dome the dominant architectural feature. No people. 8k, luxury interior cat photography, Abyssinian ticked coat, circular skylight spotlight.","Ancient breed. Perfect spotlight.","Ready","Day 4 — Mon June 23","Slot-6","3:30pm"
"31","Build. Scale. Ship. — Software Studio","Mobile App Prototype Testing Studio | Custom App Development 2026","Save this for your mobile app development and prototype testing board. A premium studio workspace at midday — the main monitor showing a mobile app prototype in a device testing frame: a custom service booking app with appointment flow, user profile, payment integration, and push notification preview. The app: running in a real device simulator, the interaction flow visible (splash → login → browse services → select time → confirm → payment). On the desk beside the monitor: a physical iPhone and Android phone both running the same app — the cross-platform build visible. The studio: clean, professional, the second monitor showing the Figma design system behind the app. Natural midday light through a glass wall. Save this for your app development and mobile software board. #MobileApp #AppDevelopment #CustomSoftware #SoftwareStudio #AppDesign #BusinessApp #CrossPlatform","Modern studio workspace at midday with main monitor showing mobile app prototype in device testing frame — service booking app with appointment flow, user profile, payment integration — physical iPhone and Android on desk running same app, secondary monitor with Figma design system, natural light through glass","Hyper-realistic 9:16 vertical photo, Style A Quiet Luxury. A premium studio workspace at midday. Main monitor: a mobile app prototype running in a device simulator frame — a custom service booking app visible (interaction flow screens laid out: splash screen with logo → login screen → browse services grid → select time slot → confirm booking → payment screen with card entry). On the desk beside the keyboard: a physical iPhone and an Android phone, both running the same app — the cross-platform consistency visible (same UI, same colour scheme on both devices). Secondary monitor: the Figma design system behind the app — colour palette, component library, typography scale. The desk: clean white surface, matte keyboard, the two phones arranged neatly. Natural midday light through a glass wall, green trees outside. No person visible. 8k, cinematic studio workspace photography, mobile app prototype, cross-platform devices.","One app. Two platforms. Zero compromise.","Ready","Day 4 — Mon June 23","Slot-7","6:30pm"
"32","Build. Scale. Ship. — Software Studio","5 Signs You've Outgrown Spreadsheets | Business Software Upgrade 2026","Save this for your business systems and small business growth board. Every business starts with a spreadsheet. It is the right tool at the right time. But there comes a point where the spreadsheet is no longer helping you grow — it is holding you back. These 5 signs mean you have already passed that point. Each one represents a growing gap between what your business needs and what a spreadsheet can do. The spreadsheet was never the problem. But it has become one. Save this before your next quarterly review. #BusinessSoftware #SmallBusiness #SpreadsheetProblem #BusinessGrowth #CustomSoftware #DigitalTransformation #SoftwareStudio","Dark editorial infographic showing 5 signs a business has outgrown spreadsheets, each sign with amber warning indicator and real-world business impact, teal solution panel, deep charcoal background — business owner language, relatable scenarios","Clean editorial infographic, 9:16 vertical, Style B Dynamic Viral. Background: deep charcoal (#0d0d1a). Title bold white: 5 SIGNS YOU'VE OUTGROWN SPREADSHEETS. Subtitle amber: The spreadsheet got you here. It can't take you further. Below, 5 signs each with an amber warning indicator: 1 (AMBER) — YOU HAVE MORE THAN ONE VERSION: Three people updated the file. Now there are three versions. Nobody knows which one is right. 2 (AMBER) — YOU SPEND MORE TIME UPDATING THAN USING: The spreadsheet was supposed to save you time. Now maintaining it IS the job. 3 (AMBER) — YOUR TEAM CAN'T ACCESS IT WHEN THEY NEED IT: It's on someone's laptop. They're not in today. The data is locked. 4 (AMBER) — YOU CAN'T SEE YOUR BUSINESS IN REAL TIME: The spreadsheet shows you last week's numbers. Not right now. Not this second. 5 (AMBER) — MISTAKES COST YOU REAL MONEY: A formula error, a wrong row, a deleted column. One mistake in a spreadsheet can cost $500–$5,000 before anyone notices. Bottom panel (TEAL): THE UPGRADE: A custom system built for exactly how your business works. Real-time data, team access, zero version conflicts, automated calculations. You stop maintaining the tool and start using it. Footer amber: The most dangerous spreadsheet is the one everyone trusts but nobody checks. No photography.","The spreadsheet era is over.","Ready","Day 4 — Mon June 23","Slot-8","9:00pm"
"33","Future Living & Off-Grid Tech","Glass Floating Fire Pit Platform PNW Lake Dusk | Waterfront Social 2026","Save this for your floating platform and waterfront social architecture board. A glass-railed floating fire pit platform on a Pacific Northwest lake at dusk — a circular steel fire pit at the centre of a hexagonal Douglas fir deck on a steel pontoon base, the fire reflected in the mirror-still lake water below, the PNW forest silhouetted against a deep violet dusk sky. The platform: a hexagonal Douglas fir deck on a low-profile steel pontoon — floating 30 metres from shore, accessible by a narrow plank walkway from the dock. The fire pit: circular, Corten steel, the fire burning, the flames reflected in the glass railings and the lake simultaneously. The glass railings: barely visible, the platform appearing to float above the water surface. An EcoFlow battery tucked under the deck powering recessed amber lighting. The lake: mirror-still at dusk, the fire reflection reaching toward the far shore. Save this. #FloatingPlatform #FirePit #PNWLake #WaterfrontDesign #WatercraftArchitecture #FutureLiving #OffGridLiving","Hexagonal Douglas fir floating fire pit platform on steel pontoon base on mirror-still PNW lake at dusk, circular Corten steel fire pit with flames reflected in glass railings and lake water simultaneously, deep violet dusk sky, PNW forest silhouette, narrow plank walkway to shore, recessed amber lighting, EcoFlow under deck","Hyper-realistic 9:16 vertical photo, Style A Quiet Luxury. A hexagonal Douglas fir floating platform on a low-profile steel pontoon base on a Pacific Northwest lake at dusk. At the centre: a circular Corten steel fire pit, the fire burning — the flames reflected simultaneously in the glass railings around the platform edge AND in the mirror-still lake water below, creating a double-fire reflection effect. The Douglas fir deck: warm-toned, hexagonal, the planks arranged in a radial pattern from the fire pit centre. The glass railings: minimal, nearly invisible — the platform appearing to hover above the water. A narrow Douglas fir plank walkway: connecting the platform to the shore dock 30 metres away. Under the deck: EcoFlow battery with green LED, recessed amber lighting strips along the deck edge. The PNW lake: mirror-still at dusk, the fire reflection reaching outward on the water surface. The sky: deep violet dusk, the PNW old-growth forest silhouetted black. No people visible. 8k, cinematic floating fire pit platform photography, PNW dusk, double fire reflection.","Fire on water. Water on fire.","Ready","Day 5 — Tue June 24","Slot-1","7:30am"
"34","Smart Pet Wellness","Margay Rainforest Branch Moonlight | Wilderkind Arboreal Cat 2026","Save this for your Wilderkind margay and tropical forest cat board. A margay on a Central American rainforest branch at moonlight — the small nocturnal arboreal cat with the enormous dark eyes (proportionally the largest eyes of any cat relative to body size), the spotted rosette coat catching silver moonlight, the long tail wrapped around the branch for balance. The margay is the only cat in the Americas that can rotate its hind ankles 180 degrees — allowing it to climb down trees headfirst like a squirrel. On a rainforest branch at night under moonlight, the enormous dark eyes and the silver-lit rosette coat create an image of pure nocturnal beauty. The branch: a thick tropical hardwood branch, the bark textured, bromeliads and moss growing on it. The moonlight: silver, from directly above, creating hard shadows on the branch below the cat. Save this for your rarest nocturnal Wilderkind board. #Wilderkind #Margay #NocturnalCat #RainforestWildlife #ArborealCat #WildlifePhotography #PredatorPortrait","Small margay on thick Central American rainforest branch at moonlight, enormous dark eyes proportionally largest of any cat reflecting silver moonlight, spotted rosette coat on warm tawny base lit by overhead moonlight, long tail wrapped around branch for balance, bromeliads and moss on bark, hard silver shadows below","Hyper-realistic 9:16 vertical photo, Style A Quiet Luxury. Wilderkind aesthetic. A margay sits on a thick tropical hardwood branch in a Central American rainforest at night under moonlight. The enormous eyes: the defining feature — proportionally the largest of any cat relative to head size, dark, wide, reflecting two pinpoints of silver moonlight. The spotted rosette coat: warm tawny base with dark spotted rosettes, each rosette irregular and open-centred, the silver moonlight catching the lighter patches and creating contrast. The long tail: as long as the body, wrapped once around the branch for balance — the prehensile grip visible. The branch: thick tropical hardwood, textured bark, bromeliads and green moss growing on the surface. The moonlight: silver, from directly above, creating hard precise shadows of the cat and the branch on the darker foliage below. Shot from slightly below branch level, looking up at the cat. No people. 8k, nocturnal rainforest wildlife photography, margay enormous eyes, silver moonlight on rosette coat.","Eyes bigger than the moon that lights them.","Ready","Day 5 — Tue June 24","Slot-2","9:30am"
"35","Future Living & Off-Grid Tech","Glass Cliff Overhang Pod Sedona Red Rocks | Desert Edge Architecture 2026","Save this for your cliff architecture and Sedona desert design board. A glass pod embedded into a Sedona red sandstone cliff overhang — the pod sheltered by the natural rock above, the glass front facing outward over the red rock valley, the entire structure using the cliff as its roof and back wall. The pod: a glass-and-steel capsule, minimal, the interior visible — a suspended sleeping platform, a small galley, the EcoFlow Pro providing all power. The cliff overhang: natural Navajo sandstone, warm red-orange, the rock face providing shade and thermal mass. The view through the glass front: the Sedona red rock valley, Cathedral Rock visible in the distance, the Arizona desert sky a deep clear blue. This is architecture that does not fight the landscape — it lives inside it. The cliff is the building. The glass just opens a window. Save this. #SedonaArchitecture #CliffPod #DesertArchitecture #RedRocks #OffGridLiving #FutureLiving #GlassArchitecture","Glass-and-steel capsule pod embedded into natural Sedona red sandstone cliff overhang, cliff rock as roof and back wall, glass front facing outward over red rock valley with Cathedral Rock visible, suspended sleeping platform and EcoFlow Pro visible inside, warm red-orange Navajo sandstone, deep blue Arizona sky","Hyper-realistic 9:16 vertical photo, Style A Quiet Luxury. A glass-and-steel capsule pod is embedded into a natural Sedona red sandstone cliff overhang. The cliff overhang: natural Navajo sandstone arch above, warm red-orange, providing the roof and shade — the rock face behind the pod serving as the back wall. The pod: a minimal glass-and-steel capsule filling the overhang opening — glass front wall facing outward, steel frame, the interior visible (suspended sleeping platform, small galley counter, EcoFlow Pro with green LED on the floor, warm amber lighting). The view through the glass front: the Sedona red rock valley opening outward, Cathedral Rock visible in the middle distance, the Arizona desert sky deep clear blue above. The sandstone: warm red-orange, the layered geological strata visible in the cliff face. Harsh noon raking desert light on the valley, the cliff overhang providing shade. No people visible. 8k, cinematic cliff architecture photography, Sedona red sandstone, glass capsule pod, desert valley view.","The cliff is the roof.","Ready","Day 5 — Tue June 24","Slot-3","11:00am"
"36","Smart Pet Wellness","Catahoula Leopard Dog Joshua Tree Desert | Merle Coat Adventure 2026","Save this for your Catahoula Leopard Dog and desert adventure board. A blue merle Catahoula Leopard Dog mid-stride across the Joshua Tree desert floor at sunrise — the extraordinary glass-blue merle coat with its random patchwork of blue-grey, black, and brindle creating the most complex canine coat in the American South. The Catahoula is the state dog of Louisiana and the only breed developed in America specifically for herding wild hogs in swamplands — tough, intelligent, and visually unlike any other breed. In the Joshua Tree desert at sunrise, the blue-grey merle against the warm peach-orange desert and the dark silhouettes of Joshua trees creates a colour study that stops every scroll. The desert floor: sandy, scattered creosote bush. The Joshua trees: silhouetted against a pale peach sunrise sky. Save this for your rare American breed and desert aesthetic board. #CatahoulaLeopardDog #JoshuaTree #AdventureDog #MerleCoat #DogPhotography #DesertAdventure #AmericanBreed","Blue merle Catahoula Leopard Dog mid-stride across Joshua Tree desert floor at sunrise, extraordinary glass-blue merle coat with random blue-grey black and brindle patchwork, Joshua trees silhouetted against pale peach sunrise, sandy desert floor with scattered creosote, powerful muscular stride","Hyper-realistic 9:16 vertical photo, Style A Quiet Luxury. A blue merle Catahoula Leopard Dog at mid-stride across the Joshua Tree desert floor at sunrise. The coat: the defining feature — extraordinary glass-blue merle with random irregular patches of blue-grey, charcoal black, and warm brindle tan, each patch with ragged edges, the pattern genetically unrepeatable. The muscular build: medium-large, lean, the stride powerful and ground-covering. The eyes: pale glass-blue (characteristic of the blue merle Catahoula), intense, forward-focused. The Joshua Tree desert at sunrise: sandy floor, scattered creosote bush and yucca. The Joshua trees: dark silhouetted against a pale peach-orange sunrise sky. The sunrise light: warm, low-angled, raking across the desert floor and catching the blue-grey patches of the merle coat. Shot from desert floor level, the dog mid-stride, slightly below eye height. No people or leash. 8k, Joshua Tree sunrise adventure dog photography, Catahoula merle coat, desert silhouettes.","Louisiana's dog. California's desert.","Ready","Day 5 — Tue June 24","Slot-4","12:30pm"
"37","Future Living & Off-Grid Tech","Parametric Timber Pavilion Colorado Valley | Educational Architecture 2026","Save this for your parametric architecture and timber pavilion design board. A parametric timber pavilion in a Colorado Rockies mountain valley — the roof structure a complex parametric lattice of CNC-cut Douglas fir beams, each beam at a unique angle, the overall shape forming an organic wave that shelters the glass living space below. This is Educational Architecture affinity — the structure teaches you about computation, material science, and digital fabrication. Every beam angle is calculated by algorithm. Every joint is unique. The pavilion: open on two sides to the valley view, glass-enclosed on two sides for the living space, the parametric lattice roof casting complex shadow patterns on the floor. The interior: minimal, warm amber lighting, EcoFlow Pro. The Colorado valley: mountain meadow, wildflowers, aspen groves, the Rocky Mountain peaks behind. This is timber at its most advanced — Japanese joinery precision meets computational design. Save this. #ParametricArchitecture #TimberPavilion #EducationalArchitecture #ColoradoRockies #ComputationalDesign #FutureLiving #DigitalFabrication","Parametric timber pavilion with CNC-cut Douglas fir lattice roof of unique-angle beams forming organic wave shape in Colorado Rockies mountain valley, complex parametric shadow patterns on floor, glass living space on two sides, mountain meadow with wildflowers and aspen groves, Rocky Mountain peaks behind, warm amber interior with EcoFlow","Hyper-realistic 9:16 vertical photo, Style A Quiet Luxury. A parametric timber pavilion in a Colorado Rockies mountain valley. The roof: a complex parametric lattice of CNC-cut Douglas fir beams — each beam at a computationally unique angle, the overall lattice forming an organic undulating wave shape. The joints: each one unique, precision-cut mortise connections where the beams intersect at compound angles. The parametric lattice: casting complex, mathematically derived shadow patterns on the pavilion floor below — the shadows moving with the sun position. Open on two sides to the valley view, glass-enclosed on two sides for the residential living space. The interior: minimal — a low platform sofa, warm amber lighting, EcoFlow Pro with green LED on the floor. The Colorado valley: a mountain meadow with wildflowers (lupine, paintbrush), aspen groves with white bark, the Rocky Mountain peaks behind in pale blue. Golden hour side-light from the left. No people visible. 8k, cinematic parametric timber architecture photography, CNC lattice roof, Colorado mountain meadow.","Every beam angle is different.","Ready","Day 5 — Tue June 24","Slot-5","2:00pm"
"38","Smart Pet Wellness","Portuguese Water Dog Pacific Coast Surf | Curly Coat Wave Dog 2026","Save this for your Portuguese Water Dog and coastal adventure board. A Portuguese Water Dog mid-leap into Pacific Coast surf at golden hour — the curly black coat catching the amber light, the webbed paws (a genetic feature unique to water-working breeds) spread for the entry, the spray of the previous wave frozen around the dog. The Portuguese Water Dog was bred for centuries to work alongside Portuguese fishermen — retrieving nets, herding fish, and carrying messages between boats. It is one of the few breeds with true webbed feet. At the Pacific Coast at golden hour, mid-leap into the surf with the sun behind, the curly black coat becomes a silhouette rimmed with golden light. The surf: Pacific Coast whitewater, the golden hour light turning the spray amber-gold. Behind: coastal headlands, the Pacific sunset. Save this for your water dog and coastal adventure board. #PortugueseWaterDog #PacificCoast #AdventureDog #WaterDog #DogPhotography #CoastalAdventure #CurlyCoat","Portuguese Water Dog mid-leap into Pacific Coast surf at golden hour, curly black coat catching amber light with golden rim-light silhouette effect, webbed paws spread for water entry, spray of previous wave frozen amber-gold around dog, coastal headlands behind, Pacific sunset","Hyper-realistic 9:16 vertical photo, Style A Quiet Luxury. A Portuguese Water Dog at the moment of mid-leap entry into Pacific Coast surf at golden hour. The curly black coat: the defining feature — tight, dense curls covering the entire body, the golden hour sun behind creating a rim-light effect that outlines every curl in amber-gold. The webbed paws: spread wide for the water entry, the webbing between the toes visible in the stretched position. The body: muscular, compact, at the moment of maximum extension before hitting the water. The spray: the previous wave's whitewater frozen around the dog, the amber-gold light turning every water droplet into a warm orange spark. Behind: Pacific Coast headlands in silhouette, the sunset sky warm orange-amber above the Pacific horizon. The surf: Pacific whitewater, the water surface golden in the sunset light. Shot from surf level, the dog overhead. No people or leash. 8k, Pacific Coast golden hour water dog photography, Portuguese Water Dog curl coat, surf entry.","Webbed feet. Born for this.","Ready","Day 5 — Tue June 24","Slot-6","3:30pm"
"39","Build. Scale. Ship. — Software Studio","Multi-Client Sprint Board Studio | Software Development Team 2026","Save this for your software development and team management board. A premium studio workspace at late afternoon — the main monitor showing a multi-client project management board: four active client projects in swim lanes (Salon App — Sprint 3, Restaurant System — QA Phase, E-commerce Build — Design Review, Tuition Platform — Beta Launch), each with task cards, progress bars, and team member assignments. This is what a professional software studio looks like from the inside — multiple clients, multiple projects, one system keeping everything on track. The studio: clean, professional, the second monitor showing a GitHub pull request code review. Through glass: afternoon golden light, a city skyline. Save this for your software team and project management board. #SoftwareStudio #ProjectManagement #AgileTeam #SoftwareDevelopment #ClientProjects #TechTeam #BuildInPublic","Modern studio workspace at late afternoon with main monitor showing multi-client project management board in swim lanes — Salon App Sprint 3, Restaurant System QA, E-commerce Design Review, Tuition Platform Beta — with task cards and progress bars, secondary monitor with GitHub PR, city skyline at golden hour through glass","Hyper-realistic 9:16 vertical photo, Style A Quiet Luxury. A premium studio workspace at late afternoon. Main monitor: a multi-client project management board (Linear-style) with four active client projects in horizontal swim lanes. Lane 1: Salon Booking App — Sprint 3 (6 task cards, progress bar 72% complete). Lane 2: Restaurant Ordering System — QA Phase (4 task cards, 2 marked 'In Review'). Lane 3: E-Commerce Platform — Design Review (3 task cards with Figma thumbnails). Lane 4: Tuition Management — Beta Launch (5 task cards, progress bar 91% complete, launch date visible). Each lane has team member avatars and status colours (green in-progress, teal complete, amber blocked). Secondary monitor: a GitHub pull request code review — diff view, comments. The desk: dark walnut, matte keyboard, a glass of water. Through floor-to-ceiling glass: city skyline at afternoon golden hour. No person visible. 8k, cinematic studio workspace photography, multi-client project board, golden hour city.","Four clients. One system. Zero chaos.","Ready","Day 5 — Tue June 24","Slot-7","6:30pm"
"40","Build. Scale. Ship. — Software Studio","The 90-Day ROI of Proper Business Software | Investment Case 2026","Save this for your business investment and software ROI board. Business owners ask 'how much does custom software cost?' The better question is 'how much does it make back?' This infographic tracks the real 90-day ROI of a proper business management system for a typical service business — from the investment on Day 1 to the measurable return by Day 90. The numbers are based on the actual cost savings and revenue gains that a booking, inventory, or management system delivers when it replaces manual processes. The ROI is not theoretical. It is arithmetic. Save this before your next budget meeting. #BusinessROI #CustomSoftware #SoftwareInvestment #SmallBusiness #BusinessGrowth #DigitalTransformation #SoftwareStudio","Dark editorial infographic showing 90-day ROI timeline of business software investment for a service business, Day 1 investment through Day 30-60-90 measurable returns with green cumulative savings line, teal ROI summary, deep charcoal background — real numbers, business language","Clean editorial infographic, 9:16 vertical, Style B Dynamic Viral. Background: deep charcoal (#0d0d1a). Title bold white: THE 90-DAY ROI OF PROPER BUSINESS SOFTWARE. Subtitle amber: Stop asking what it costs. Start asking what it returns. Below, a 90-day timeline with investment and returns: DAY 1 (RED): INVESTMENT: $3,000–$8,000 for a custom management system. This is the number that scares most business owners. DAY 30 (AMBER): MONTH 1 SAVINGS: No-show reduction (-$1,800/month). Admin time saved (-$1,200/month). Double-booking elimination (-$600/month). Month 1 total savings: $3,600. DAY 60 (GREEN): MONTH 2 GAINS: Automated rebooking increases repeat clients (+$2,400/month). Real-time inventory prevents stockouts (+$1,500/month). Month 2 total gain: $3,900. Cumulative savings: $7,500. DAY 90 (BRIGHT GREEN): MONTH 3 COMPOUND: Client retention rate up 15%. Staff spend 40% less time on admin. Revenue visibility drives better decisions. Month 3 total gain: $4,200. CUMULATIVE 90-DAY RETURN: $11,700 saved and earned on a $3,000–$8,000 investment. ROI BOX (TEAL): That's a 146%–390% return in 90 days. No stock market does that. Footer amber: The most expensive software is the one you didn't build. No photography.","$11,700 return. 90 days. Do the maths.","Ready","Day 5 — Tue June 24","Slot-8","9:00pm"
